airport,STAND_mvt,n,spread_m,keep,lat,lon,gateway_resolved,gateway_offset_m,off_e_m,off_n_m,nearest_gateway,nearest_gateway_m
EDDF,A1,13,1927.487559192707,false,50.032506,8.576425,true,1881.5409506435074,387.72558822319843,-1841.1586616002023,H8,289.1660483323498
EDDF,A11,14,614.0533376345247,false,50.043719499999995,8.569818,true,585.1210096634994,6.59884824976325,-585.0837984010577,V136,5.722091025563196
EDDF,A13,12,2634.594123031394,false,50.02254,8.562590499999999,true,2916.631782017073,-482.19349867489655,-2876.496198799461,S310,726.1393512785546
EDDF,A17,16,2.192218114836821,true,50.047565500000005,8.56870925,true,1.3005866724705577,1.3004664101172239,0.017686400562524796,A17,1.3005866724705577
EDDF,A19,31,3.1516711066682954,true,50.047085,8.568315,true,6.311649942593363,5.8453069652896374,-2.3810315998271108,A19,6.311649942593363
EDDF,A21,25,6.067782142235354,true,50.046588,8.567999,true,4.881215541104422,4.635637275292538,-1.5287682004272938,A21,4.881215541104422
EDDF,A22,43,5.395260188914603,true,50.045736500000004,8.566367,true,3.6639383298707324,-3.641162961605005,-0.40789259877055883,A22,3.6639383298707324
EDDF,A24,35,2.8465378780419055,true,50.045297,8.565993,true,1.08620549809941,0.6706088470527902,0.8544741999357939,A24,1.08620549809941
EDDF,A25,37,6.505906725185923,true,50.045494,8.567203,true,9.55165721864306,8.134528210619465,-5.006356600672007,A25,9.55165721864306
EDDF,A26,23,3.972573075968597,true,50.044727,8.565415,true,2.166587607784766,0.3517479241127148,2.137843600474298,A26,2.166587607784766
EDDF,A28,47,2.2835851142887544,true,50.044587,8.564901,true,1.4071783016191541,1.4055618266575038,0.06742940004914999,A28,1.4071783016191541
EDDF,A30,27,7.787299053341083,true,50.044456,8.564367,true,1.0758594721274854,0.3445985761936754,1.01917879935354,A30,1.0758594721274854
EDDF,A34,16,13.98881011310807,true,50.044202,8.563357499999999,true,2.551668832417551,2.120496631367132,-1.4193335995078087,A34,2.551668832417551
EDDF,A36,11,3.7583600003272295,true,50.044064,8.562813,true,3.6706267464314397,1.406991695985198,-3.3902618009597063,A36,3.6706267464314397
EDDF,A40,23,4.178061358336333,true,50.043819,8.5617555,true,1.1997854167591022,1.193941124365665,0.11827779933810234,A40,1.1997854167591022
EDDF,A52,11,18.050738884554164,true,50.047779500000004,8.564909,true,17.16668814700597,4.173074456513859,-16.65174559969455,A52,17.16668814700597
EDDF,A54,10,1187.4485881665742,false,50.042112,8.563834,true,620.9207475808078,4.955928067793138,-620.9009691998363,A36,231.44900477163168
EDDF,A66B,16,3.329048638691397,true,50.04659825,8.560205,true,4.082347607011211,2.500841947738081,-3.226662600412965,A66B,4.082347607011211
EDDF,A69,12,2.2188300522758384,true,50.046547,8.55938,true,11.659055884864037,6.084810124943033,-9.94528380036354,A69,11.659055884864037
EDDF,B22,15,11.259691009974986,true,50.0474045,8.571544,true,42.65319339480371,-16.667990042478777,-39.26159720029682,B22,4.039807306458718
EDDF,B23,33,4.288500039411546,true,50.047124,8.572643,true,5.29990659030906,5.298381839529611,-0.12712099961936474,B23,5.29990659030906
EDDF,B24,12,3.16103615834775,true,50.046925,8.571098,true,1.2267047237789555,-0.06863374134991318,-1.2247832007706165,B24,1.2267047237789555
EDDF,B27,36,3.650621320727276,true,50.046228,8.572008,true,3.018572293623991,1.2611449959222227,-2.742497400380671,B27,3.018572293623991
EDDF,B44,22,11.486611577024323,true,50.04816575,8.576175,true,3.459362695775708,3.45527991221752,0.1680207997560501,B44,3.459362695775708
EDDF,B45,10,1.9376901724257067,true,50.04796125,8.576778749999999,true,1.750887086891594,1.5521234615007415,0.810258200392127,B45,1.750887086891594
EDDF,C13,15,20.404380715739453,true,50.048927,8.579784,true,12.0507750422477,-0.6870523475809023,-12.031173599883914,C13,12.0507750422477
EDDF,C15,15,5.384956963461328,true,50.049556,8.581732,true,5.803643156871814,4.3689665930578485,3.8202623995020986,C15,5.803643156871814
EDDF,C16A,10,4.214664931954889,true,50.04981050000001,8.582968000000001,true,11.470830853098782,11.447536096791737,0.7306694006547332,C16,11.470830853098782
EDDF,C4,12,868.2240329674596,false,50.0453075,8.576329,true,556.6911136845388,71.76801545976195,-552.045603199862,B47,213.91151891292586
EDDF,C5,11,1.8044111658625226,true,50.050041,8.576076,true,6.533716535585214,-1.6758071827935055,-6.315150200389326,C5,6.533716535585214
EDDF,D8,10,1.7004619602063933,true,50.05008,8.584257,true,6.451847546020992,3.483162369695492,-5.430830200202763,D8,6.451847546020992
EDDF,F213,12,1.7057537000864098,true,50.039967,8.545174,true,5.107793983487874,4.795067736762576,1.7597968000918627,F213,5.107793983487874
EDDF,F215,15,1.21646533529189,true,50.040642,8.547995499999999,true,4.081084804559385,-3.443840955500491,-2.1897974004969,F215,4.081084804559385
EDDF,F223,10,1.7281604496796146,true,50.039085,8.541192500000001,true,4.133786662837779,3.0205995510332286,2.8220862010493875,F223,4.133786662837779
EDDF,F232,10,14.560671129011379,true,50.036854,8.533906,true,128.81985618224238,25.471697230706923,-126.27647440042347,F232A,78.26972882936015
EDDF,V126,10,2.158903311012266,true,50.047566,8.5824375,true,4.450857639783623,-1.1195879046572372,4.307743800804019,V126,4.450857639783623
EDDF,V128,10,5.046452681438464,true,50.04740075,8.58177,true,3.590195897546664,-1.9653557786950842,3.0044772000983357,V128,3.590195897546664
EDDF,V134,14,28.05120531650843,true,50.043844,8.570366,true,2.0103325958981273,1.7830474035581574,-0.9285359997302294,V134,2.0103325958981273
EDDF,V136,49,2.8495554754603662,true,50.043725,8.569763,true,2.4980921317959797,1.6472097906516865,1.8780746003612876,V136,2.4980921317959797
EDDF,V151,14,4.543344566342635,true,50.0417,8.561349,false,,,,V157,230.7077167145603
EDDF,V153,24,1.1616974379623835,true,50.041571250000004,8.560753,false,,,,V157,186.05825292853302
EDDF,V166,10,1.5100562053198185,true,50.038788,8.548885,true,5.692161892384007,-1.5878702017944306,5.4662029994651675,V166,5.692161892384007
EDDF,V167,38,2.6246381604383586,true,50.038581,8.547949500000001,true,7.183426859571252,-1.2332625384442508,7.076770800165832,V167,7.183426859571252
EDDF,V168,36,2.637769079150655,true,50.03836,8.547002,true,7.880952878605066,-1.667942899861373,7.702427199110389,V168,7.880952878605066
EDDF,V169,20,3.9480193336902856,true,50.038101,8.545908,true,8.165886134444051,-2.4036108141299337,7.804124000482261,V169,8.165886134444051
EDDF,V170,25,1.8088786072439498,true,50.037849,8.544978,true,6.530812970960553,-1.591444875812158,6.333942000754178,V170,6.530812970960553
EDDF,V171A,21,1.417746014319279,true,50.037243,8.542304,true,7.675879580397293,-1.8016357084270567,7.461450000293553,V171A,7.675879580397293
EDDF,V171B,23,1.3057347810629178,true,50.037117,8.541852,true,8.514967749777677,-1.8552558188093826,8.310397200286388,V171B,8.514967749777677
EDDF,V174,16,3.2934489151085033,true,50.036463,8.539517,true,6.035779112347608,0.20876096305437386,6.0321677988395095,V174,6.035779112347608
EDDF,V175,14,33.68911277477752,true,50.036207,8.53878,true,0.8978874045934961,0.5891062793089077,0.6776101998984814,V175,0.8978874045934961
EDDF,V177,13,8.049805148100813,true,50.035858,8.537353,true,1.0309210956696957,0.9887548352126032,-0.29182560089975595,V177,1.0309210956696957
EDDF,V322,12,13.131665203376585,true,50.027305,8.5697875,false,,,,S310,11.292373191350656
EDDM,103,60,9.123210510395092,true,48.3559075,11.78094,true,17.407074202151957,-15.377115562791005,-8.157851999625564,103B,6.9147192304585445
EDDM,104,51,21.938376311300456,true,48.3559365,11.779982,true,4.36252601614278,0.33364183199591935,4.3497490007430315,104,4.36252601614278
EDDM,105,69,3.985623881375947,true,48.35573,11.778594,true,18.73213216165969,-16.781222429708578,-8.32366199977696,105B,6.856417988879259
EDDM,106,17,1.3722799345704149,true,48.354592,11.779368,true,17.878415317830296,16.66581638599746,6.472117000259459,106B,2.706244468230379
EDDM,111,36,41.27844693746955,false,48.353213,11.783127499999999,true,12.335362331315084,-12.32329409441445,-0.5455149011686444,111A,10.939856983167267
EDDM,112,17,4.809855542862455,true,48.352785,11.783307,true,21.73894890504845,-21.675622341339476,-1.6581000005826354,112X,15.955754010095667
EDDM,113,78,6.065328183668893,true,48.352341,11.783418,true,10.315956073679484,-10.30775712931063,0.41120880004018545,113B,8.12656387552322
EDDM,115,100,4.152751708984216,true,48.351331,11.78356,true,7.505969560731142,-6.5578004863345996,3.6516889007762074,115A,4.722255073693489
EDDM,116,72,2.6730910204738745,true,48.3509,11.783632,true,3.4530981876886084,-3.3911622118903324,-0.6510805990546942,116,3.4530981876886084
EDDM,117,92,1.2576299651991576,true,48.350475,11.783717,true,7.6519061501421906,-3.161089906701818,-6.968441599979997,117B,2.462290153593231
EDDM,118,68,1.2856880236977182,true,48.349983,11.783795,true,5.7005058509485815,-5.586096392595209,-1.1363511998206377,118,5.7005058509485815
EDDM,119,96,1.4352450395714187,true,48.349503,11.783876,true,6.782494632505089,-6.74607508990448,0.7019290002062917,119,6.782494632505089
EDDM,120,15,0.5178476327564567,true,48.349022,11.783957,true,6.416970034635023,-6.414652605075389,0.17244240082800388,120,6.416970034635023
EDDM,121,20,1.4705613622703297,true,48.348656,11.7840125,true,3.310120673003273,-3.286113120848313,0.39794399961829185,121,3.310120673003273
EDDM,161,35,1.8795556876281723,true,48.351139,11.779545,true,8.780230697606042,-8.768639986752532,-0.4510031994432211,161Y,8.515075715063809
EDDM,162,36,4.32468310040778,true,48.350714,11.779675,true,13.779672211021953,-13.695590320974588,-1.5199249992147088,162,13.779672211021953
EDDM,163,26,1.4484763187422451,true,48.35022425,11.779705,true,16.696535086531643,-16.630306833889335,-1.485657600685954,163Y,13.169707849665016
EDDM,164,14,3.2165178267757275,true,48.349736,11.779823,true,17.540976839261518,-17.512867156532593,-0.9926491994410753,164Y,17.48724490911415
EDDM,171,10,1.9344499995931983,true,48.357376,11.77597,true,1.0278400386162936,0.6517482348717749,0.7947826012969017,171,1.0278400386162936
EDDM,181,21,3.033107563154772,true,48.354973,11.776451999999999,true,5.130075587107298,4.901797735015862,1.5132926004007459,181,5.130075587107298
EDDM,182,12,3.846868128865026,true,48.354607,11.7765235,true,7.327452146426879,7.015355858835392,2.1157356007024646,182,7.327452146426879
EDDM,183,23,3.853215639954232,true,48.354172,11.776551,true,2.4168845039935833,2.297024142346345,0.7516719996929169,183,2.4168845039935833
EDDM,184,14,4.079142814211522,true,48.3536915,11.776693,true,5.187120292552058,5.1104163526324555,0.8887416003271937,184,5.187120292552058
EDDM,185,28,1.4876382929904681,true,48.353204,11.77678,true,5.123900862428583,5.05419289553538,0.84231480024755,185,5.123900862428583
EDDM,186,46,4.117769156821657,true,48.352715,11.776802,true,1.1445688595942292,0.6842986574629322,0.9174820007756352,186,1.1445688595942292
EDDM,187,36,8.304796268392401,true,48.352227,11.776956,true,4.686938543318184,4.614022407564335,0.8235229998826981,187,4.686938543318184
EDDM,188,60,2.500711393707058,true,48.351796,11.777009,true,4.3595685177184595,4.3506598972016945,0.27856080047786236,188,4.3595685177184595
EDDM,189,21,4.4386939947726205,true,48.351425,11.777037,true,0.14645242741113698,-0.12502321414649487,0.07627259939908981,189,0.14645242741113698
EDDM,201,117,6.166106966100002,true,48.35892,11.792115,true,16.673074687364643,16.50010514364112,2.395401799120009,201,16.673074687364643
EDDM,202,50,5.3224900270928295,true,48.358429,11.792342999999999,true,13.950557826642687,13.869439169066027,-1.5022385995835066,202B,11.61552250521534
EDDM,204,49,8.429288720821216,true,48.357875500000006,11.792362,true,16.591881643497246,15.681535992538556,5.42032890021801,204B,16.88327833168763
EDDM,205,25,12.922051474062613,true,48.357399,11.792485,true,15.038747557530431,14.894777481909841,-2.075941199436784,205B,14.360093528697403
EDDM,207,19,8.172003207388386,true,48.356895,11.79254,true,7.520119696626439,4.552990365424193,5.985188299790025,207A,11.79024773607306
EDDM,208,107,3.89364322599947,true,48.356438,11.792626,true,5.8535763670677134,5.708160477457568,1.2966342000290751,208,5.8535763670677134
EDDM,209,53,4.7791451493518045,true,48.35598,11.792610499999999,true,5.717426827717205,5.606810297816992,1.1192175010219216,209B,4.882132870188761
EDDM,210,30,8.995939293428318,true,48.355489500000004,11.792793,true,8.615780213040601,7.776221987791359,-3.7097223987802863,210B,3.472432430270508
EDDM,212,27,7.545982204461059,true,48.354915500000004,11.79289,true,12.33305734498939,12.17311828082893,-1.9797713998705149,212A,10.19728480720571
EDDM,213,25,2.6798816175778613,true,48.354504,11.792961,true,12.944438727213504,12.855937373708002,-1.511081799864769,213B,12.697454486050153
EDDM,214,69,3.260929999873042,true,48.354112,11.793028,true,5.577648583230081,5.555025534587912,0.501851599663496,214,5.577648583230081
EDDM,215,174,2.3073209429761072,true,48.3535475,11.793154,true,6.890353905472469,4.285559051902965,5.395457400009036,215A,4.844001143204421
EDDM,216,120,4.00648853146258,true,48.353041,11.793101,true,8.211266335309247,8.17607433826197,0.7594098001718521,216,8.211266335309247
EDDM,217,162,2.5744104632757154,true,48.352564,11.793295,true,12.151780919066503,9.947483133408241,-6.979495598934591,217B,3.6698326601591793
EDDM,219,113,3.1218893015675775,true,48.352064,11.793313,true,5.350833664155186,4.721290845773183,2.518101199530065,219A,5.34812877413084
EDDM,220,118,2.6045267414006625,true,48.351585,11.793454,true,7.1140972648419005,4.7782540855696425,-5.270547199994326,220B,4.421504938545858
EDDM,222,89,6.057138337834816,true,48.351082,11.793471,true,5.377218535886157,2.8026653666747734,4.589068099856377,222A,8.700130495577811
EDDM,223,74,1.8972656784681976,true,48.350574,11.79363,true,4.766700098271009,3.9049410419538617,-2.7336542000994086,223B,3.6627187681929425
EDDM,224,61,5.03051986079663,true,48.350155,11.793647,true,8.911496920376406,8.867400928284042,-0.8854253999888897,224B,8.817411064617907
EDDM,244,86,1.4417550707714815,true,48.357324,11.79708,true,1.4422190734557452,1.410764907952398,0.29956339951604605,244,1.4422190734557452
EDDM,245,107,2.9612802554744118,true,48.356963,11.797186,true,8.23338277324606,-8.230078448774293,-0.2332394002005458,245,8.23338277324606
EDDM,246,67,1.8535338560616823,true,48.356586,11.797238499999999,true,8.0286411405733,-7.965236373944208,-1.007019399665296,246,8.0286411405733
EDDM,247,48,3.32658867217574,true,48.356218,11.797319,true,7.91668947439055,-7.912711828248575,-0.250925799831748,247,7.91668947439055
EDDM,248,52,1.8588782256806677,true,48.355855000000005,11.797365,true,11.407664943273945,-10.065848306869157,5.367822400294244,248A,9.286248233974272
EDDM,249,36,3.0173072127608433,true,48.355340749999996,11.797488000000001,true,10.078227513532545,-8.394310126430355,5.577295699156821,249A,8.598008244956485
EDDM,250,23,2.7187273071043223,true,48.354721,11.797661,true,2.8791016184122964,-2.6972463843412697,-1.007019399665296,250,2.8791016184122964
EDDM,251,13,10.501563182159602,true,48.354092,11.797732,true,7.664593095480992,-3.85389606107492,-6.625214899890125,251B,5.094070584119489
EDDM,252,23,1.9438223827418122,true,48.353588,11.797800500000001,true,7.762833966980811,-5.976701463805512,-4.953850099816918,252B,6.839690168501909
EDDM,253,34,1.390053194247542,true,48.353222,11.797873,true,6.18418525722142,-6.179401823203079,-0.24318799935281277,253,6.18418525722142
EDDM,255,16,3.5267042988027644,true,48.3524745,11.7979965,true,7.025148525037429,-7.004998906049877,-0.5316973999142647,255,7.025148525037429
EDDM,256,18,6.757975852261246,true,48.3521,11.797952,true,7.75168644960751,-7.751439279643819,0.06190239917486906,256,7.75168644960751
EDDM,301,198,11.695655334416053,true,48.357403500000004,11.799176,true,16.891718350982746,5.096360488445498,16.104572599753737,301A,12.027859555948112
EDDM,302,29,38.68805699255091,true,48.356438999999995,11.799563,true,21.61380194629363,21.311649433802813,-3.601393200457096,302B,16.85078596576821
EDDM,308,24,1.659466717304868,true,48.355865,11.799809,true,5.297795219749749,5.277607159805484,0.46205720119178295,308,5.297795219749749
EDDM,309,41,3.100420207574484,true,48.355497,11.799877,true,6.5436550819195745,6.300726125598885,1.7664292007684708,309,6.5436550819195745
EDDM,310,33,8.396759531554903,true,48.355282,11.800901,true,81.09874003057404,77.22735725122038,24.757643800228834,310,81.09874003057404
EDDM,311,18,14.023783302301723,true,48.3548465,11.8009795,true,79.83658260831999,76.56451228132937,22.622011000290513,311,79.83658260831999
EDDM,312,29,16.445542760269166,true,48.354438,11.801042,true,80.44784509411903,76.7361417823704,24.15409540105611,312,80.44784509411903
EDDM,313,24,21.894420629567723,true,48.35394,11.801169,true,90.83976145521123,89.43524530169088,15.9122330006212,313,90.83976145521123
EDDM,317,35,23.04644558118395,true,48.353554,11.801575,true,132.67709111663777,126.77353918598965,39.13668700121343,327,108.36836244307527
EDDM,318,13,48.02717695788857,false,48.352388000000005,11.801465499999999,true,109.09146372463506,109.05501254100818,-2.8198753986507654,318B,96.27388692249427
EDDM,321,53,1.3316081984667107,true,48.356438,11.80245,true,6.391147751996832,-6.370265664882027,0.5162217998877168,321,6.391147751996832
EDDM,322,57,1.3264800002798438,true,48.355991,11.802521,true,6.677015271971783,-6.666178597952239,-0.38025759998708963,322,6.677015271971783
EDDM,323,48,1.464423965963466,true,48.355556,11.802591,true,7.040782197489648,-7.03606976417359,-0.2575581995770335,323,7.040782197489648
EDDM,324,26,1.445314192213178,true,48.355125,11.8026775,true,6.215779969197551,-6.185320081887767,0.6146023999899626,324,6.215779969197551
EDDM,325,20,1.2658675984888315,true,48.354682,11.80275,true,6.577851406950118,-6.575925153447315,0.1591775994747877,325,6.577851406950118
EDDM,327,10,6.029226009675767,true,48.353725,11.80291,true,7.897239331984265,-7.891258140443824,-0.3073011999949813,327,7.897239331984265
EDDM,328,29,1.454622241121239,true,48.353321,11.8029995,true,6.425107653774199,-6.407254781574011,0.47863820008933544,328,6.425107653774199
EDDM,329,13,5.919290891392883,true,48.352902,11.803075,true,6.177153809933564,-6.164606176549569,-0.39352240040898323,329,6.177153809933564
EDDM,330,12,15.28484588645392,true,48.352523500000004,11.80211675,true,81.43352031901507,-81.3701383130392,3.212292400188744,330,81.43352031901507
EDDM,345,12,1.3052572988928506,true,48.350464,11.801521,true,47.8745101276024,-4.0813791282707825,47.7002208000049,345,47.8745101276024
EDDM,354,15,8.845056466527469,true,48.350693,11.807394,true,35.37617499451685,17.845029423944652,30.545518199913204,354B,27.848749928541014
EDDM,355,24,12.439417012132562,true,48.3506565,11.80797725,true,25.959869255907165,-19.35566494683735,17.299510000273585,355A,19.77120718006333
EDDM,356,26,18.96547962969715,true,48.3508185,11.8094355,true,27.3685458005578,8.170156079810113,26.120602000504732,356B,26.569292697784395
EDDM,371,20,5.737058833121511,true,48.350795500000004,11.810713,true,23.93160557019127,19.456275344011374,13.934672400355339,371B,11.789863315585617
EDDM,372,14,1.0207989942274227,true,48.351009000000005,11.811226999999999,true,37.45619649285333,-24.51120802189689,28.322558800689876,372A,30.899509247030313
EDDM,512,23,7.076107002039885,true,48.352512,11.804739,true,6.322276734439568,1.8575934366090223,-6.043221800588071,512,6.322276734439568
EDDM,513,21,22.810141418179064,true,48.352409,11.80537,true,23.14051976319722,2.917701519210823,-22.95584180019796,513,23.14051976319722
EDDM,514,35,22.78853771741636,true,48.352444,11.805984,true,22.9097338186448,2.5152599305147305,-22.77123999968171,514,22.9097338186448
EDDM,515,29,7.209432701034707,true,48.35265,11.806588,true,5.452999157284871,1.577955715241842,-5.219698800705373,515,5.452999157284871
EDDM,516,36,14.531018432707357,true,48.352544,11.807231,true,21.63198515033966,3.5768475774675608,-21.334219998680055,516,21.63198515033966
EDDM,517,45,14.149120000191033,true,48.352715,11.807838,true,8.354937837659762,2.5418920944212005,-7.958879999816418,517,8.354937837659762
EDDM,518,56,6.70588320837379,true,48.352797,11.808442,true,4.995308271535804,1.873868648079224,-4.630520598962903,518,4.995308271535804
EDDM,519,59,1.8795556881204916,true,48.352681,11.809074,true,22.871615541359027,3.0086947462987155,-22.672859400510788,519,22.871615541359027
EDDM,520,55,2.8044484089801847,true,48.35273,11.809688,true,22.45770264759885,3.29868942045141,-22.21411840058863,520,22.45770264759885
EDDM,521,53,1.749326503184158,true,48.352764,11.810303,true,24.11275454462099,2.893288702121936,-23.938542399555445,521,24.11275454462099
EDDM,522,38,1.3629186787853242,true,48.35281,11.810935,true,24.40795761334878,4.0273750179912895,-24.073401199653745,522,24.40795761334878
EDDM,523,35,1.3449179164793805,true,48.352855,11.81155,true,24.91107553060743,4.136123021016829,-24.565304200164974,523,24.91107553060743
EDDM,581,17,1.8795556889427179,true,48.35907,11.802186,true,30.585803050762017,3.896433545043692,-30.336597599089146,581,30.585803050762017
EDDM,591,35,1.8650322526220742,true,48.357983,11.803057,true,28.022340969185432,-2.5648253466933966,27.904717599973083,591,28.022340969185432
EDDM,594,27,2.278236368797813,true,48.358086,11.804686,true,24.994854729709505,-2.6824507374549285,24.8504973994568,594,24.994854729709505
EDDM,703,10,11.853157980845538,true,48.3462765,11.762774499999999,true,24.14010019535058,7.3401203023968264,-22.997110066004097,703C,10.300217720084175
EDDM,801,15,2.672376834232334,true,48.346939,11.772628,true,35.603991026283204,11.79607588518411,-33.59310599975288,801D,6.059175854802003
EDDM,802,13,5.25245456059929,true,48.347248,11.771393,true,11.39385272314161,4.707234981702641,10.376021333038807,802A,6.2760864556895966
EDDM,803,11,5.25245456059929,true,48.346767,11.770301,true,34.34725000096163,10.187542500440031,-32.801639599725604,803D,5.092829090830802
EDDM,G13,14,1.3407220127655664,true,48.353497,11.803942,true,11.503772829607689,11.358617932768539,1.8216991992667317,G13,11.503772829607689
EDDM,G24,12,2.0807535037806906,true,48.35330375,11.804773,true,19.746386961539063,-19.670072438078932,-1.7343725999817252,G24,19.746386961539063
EGLL,216,29,3.213300828326091,true,51.470364,-0.446949,true,2.40118662939291,-2.011706910594512,-1.3110043993219733,216,2.40118662939291
EGLL,217,29,1.3020029441543408,true,51.469975,-0.446949,true,3.5369764416236786,-3.5345295150909806,-0.13154259975999594,217,3.5369764416236786
EGLL,218L,64,1.2883118114120797,true,51.469155,-0.446949,true,6.106851022625504,-5.893656336818822,-1.5995137998834252,218L,6.106851022625504
EGLL,218R,41,1.7198473593022792,true,51.469527,-0.447377,true,2.963857007408625,-2.8098712174141838,-0.9429061999544501,218R,2.963857007408625
EGLL,219,28,1.703576463636597,true,51.468578,-0.44693,true,2.28526863036958,-2.1947784805306583,-0.6367104006931186,219,2.28526863036958
EGLL,220,21,2.750942720237591,true,51.468195,-0.44693,true,3.1087008233021045,-2.918743325299147,-1.0700272005051374,220,3.1087008233021045
EGLL,221L,18,16.955110464252158,true,51.467525,-0.449189,true,96.68489577598189,-1.9603913947721594,-96.66501919925213,221L,96.68489577598189
EGLL,221R,14,50.63637836727837,false,51.46753425,-0.448059,true,124.43586594346543,36.35288223851239,-119.00736399926245,220,109.94175099438095
EGLL,223,13,87.32662753350365,false,51.467537,-0.449791,true,96.01840555929957,-1.3064652945759008,-96.0095170000568,223,96.01840555929957
EGLL,225,15,93.5083189804639,false,51.468338,-0.45110700000000004,true,6.145841756646176,0.44866403693231405,-6.129442999139428,225,6.145841756646176
EGLL,226,22,2.4483656761894963,true,51.468375,-0.451813,true,1.2690885577416762,-1.2433610791777028,-0.2542419992387295,226,1.2690885577416762
EGLL,233,16,16.83652065347264,true,51.472927,-0.445557,true,127.10887162503249,-124.09617320851612,27.510089799761772,233L,95.66729874761658
EGLL,235,17,4.334080727749097,true,51.471874,-0.4438645,true,2.9788469990762034,-2.936079648203304,-0.5029569994658232,235,2.9788469990762034
EGLL,239,21,4.525344365342492,true,51.468647,-0.443833,true,5.163280844081341,-4.989393733780162,-1.3286908008158207,239,5.163280844081341
EGLL,241,32,4.057095689058933,true,51.46867,-0.442144,true,8.674159289159512,8.59465544635168,-1.1717240000143647,241,8.674159289159512
EGLL,242,59,2.816666387569466,true,51.469388,-0.442238,true,6.661152568804631,6.612767011167307,-0.8014149991795421,242,6.661152568804631
EGLL,243,25,1.8239099998027086,true,51.470186,-0.442219,true,7.860427758447647,7.7957976866164245,-1.005913999862969,243,7.860427758447647
EGLL,244,27,1.8696296347018455,true,51.470982,-0.442238,true,6.696409082396983,6.546888984103134,-1.4071741998195648,244,6.696409082396983
EGLL,246,32,1.991699753760001,true,51.47187699999999,-0.4422465,true,7.649502691284527,7.627288627922098,-0.5825458010658622,246,7.649502691284527
EGLL,247,34,2.3208012439046284,true,51.472675,-0.442284,true,4.8063070964343355,4.756393553856469,-0.690875000320375,247,4.8063070964343355
EGLL,248,43,1.3462299591063793,true,51.4734055,-0.4422,true,8.856260431980084,8.81031930336394,-0.9009010000154376,248,8.856260431980084
EGLL,249,40,1.2482152495904302,true,51.474163,-0.4422,true,9.823686161661865,9.810971861788857,-0.4996408009901643,249,9.823686161661865
EGLL,301,13,27.738116657579667,true,51.467514,-0.454388,true,122.89079476803327,3.34313651015691,-122.8453128002584,301,122.89079476803327
EGLL,307,13,2.6022414764704553,true,51.46855,-0.458279,true,4.002182056404898,-0.2011013457668014,-3.9971264004707336,307,4.002182056404898
EGLL,313,18,2.028150187525657,true,51.468361,-0.46163,true,3.9271039330563684,3.3660204564002925,2.022882000543177,313,3.9271039330563684
EGLL,317,21,4.784825123428163,true,51.469185,-0.463815,true,1.538257305967603,-0.5630837681455887,-1.4314930001273751,317,1.538257305967603
EGLL,318,12,2.804876230327978,true,51.4697415,-0.4631285,true,6.046102492364761,5.65510853356318,2.1389489993453026,318,6.046102492364761
EGLL,319,44,3.9658340362047335,true,51.4697415,-0.464439,true,2.5235291161818783,-0.6109320193791064,-2.4484609998762608,319,2.5235291161818783
EGLL,321,26,4.581958249763668,true,51.470296,-0.465119,true,2.3970796710119457,-1.412563590791251,-1.9366607991978526,321,2.3970796710119457
EGLL,326,15,3.1133838072461044,true,51.472824,-0.461483,true,5.0244350460484055,4.727268531369191,1.7023160001263022,326,5.0244350460484055
EGLL,328,27,1.475077312207886,true,51.473345,-0.462036,true,4.633284076920565,3.900672654970549,2.5004148008301854,328,4.633284076920565
EGLL,329,20,1.193943011798828,true,51.472229,-0.462261,true,7.846229196848175,-5.215459384540736,-5.861936200410128,329,7.846229196848175
EGLL,330,11,1.0535490772790952,true,51.473854,-0.462632,true,3.8373199655030037,2.9880886169376026,2.407561200670898,330,3.8373199655030037
EGLL,331,10,3.1627472819967597,true,51.47274575,-0.462856,true,10.578739579494945,-8.085661005679867,-6.82142339926213,331,10.578739579494945
EGLL,332,15,4.087095911614188,true,51.474152,-0.463244,true,4.497188902013776,0.3210687003156636,4.485713199712336,332,4.497188902013776
EGLL,334,11,2.874040000140667,true,51.474174,-0.464098,true,9.254387436776879,-0.5533754273201339,9.23782780021429,334,9.254387436776879
EGLL,335,31,5.789457922548261,true,51.473333,-0.463968,true,6.693903274951743,-3.2058328327002528,-5.876306399703026,335,6.693903274951743
EGLL,340,21,2.5388339755664013,true,51.473854,-0.465713,true,10.336608192082801,-9.758269440135336,3.4090536003932357,340R,4.064216441473937
EGLL,342,12,40.46098323245276,false,51.473288749999995,-0.4672455,true,125.53266829648723,-125.17587939941222,9.45780239906162,340R,123.36668935730965
EGLL,415,48,0.22107999958097935,true,51.462124,-0.444183,true,4.176720169006731,2.940933818619669,-2.9657881995663047,415,4.176720169006731
EGLL,420,24,5.277155075441863,true,51.461128,-0.444965,true,2.6542035303985734,-2.3008767767460085,-1.3231637990102172,420,2.6542035303985734
EGLL,421,25,1.7293334485507184,true,51.460624,-0.445175,true,3.0330145994044746,1.7794001835827657,-2.456198800355196,421,3.0330145994044746
EGLL,501,17,2843.2977731424144,false,51.474945,-0.448714,true,2830.2587224596778,2828.575029475116,97.61013619974256,210L,87.10078368524093
EGLL,502,18,7.262414637675531,true,51.4739305,-0.48906775,true,13.010598478957826,-12.754679492070863,-2.567844199948013,502,13.010598478957826
EGLL,503,23,9.533616716891002,true,51.473934,-0.48840249999999996,true,9.766663699069019,-9.650784238081542,-1.5000277999788523,503,9.766663699069019
EGLL,505,16,18.814804853912566,true,51.473896749999994,-0.487519,true,2.1263405506075093,2.0234956101703574,0.6532913995906711,505,2.1263405506075093
EGLL,506,10,45.46034481135588,false,51.4739765,-0.48553250000000003,true,34.97473203133593,34.889696584810736,-2.437406999990344,506,34.97473203133593
EGLL,507,24,4.827825037814968,true,51.4736015,-0.48615925,true,10.61316044950626,-10.547418859045138,-1.1794618004933,507,10.61316044950626
EGLL,508,22,10.852228318543375,true,51.473167,-0.48606,true,4.436453021054091,4.434631400632497,0.12712099961936474,508,4.436453021054091
EGLL,509,50,7.041468688668964,true,51.47271,-0.486164,true,12.129078368501075,-12.077175992715638,-1.1208755997940898,509,12.129078368501075
EGLL,511,19,13.189624918968198,true,51.4723265,-0.485992,true,1.7232044629392569,-1.517274981175433,-0.8168906001374125,511,1.7232044629392569
EGLL,512,30,7.574906777545242,true,51.471875,-0.485997,true,6.433890603507298,6.367978131667769,-0.9185874005779624,512,6.433890603507298
EGLL,513,34,9.527119611877158,true,51.471343,-0.486238,true,3.208376280699613,3.200285209371941,-0.22771240025758743,513,3.208376280699613
EGLL,515,23,8.072353375178572,true,51.470855,-0.486126,true,10.697931498351025,-10.245073387479351,-3.0796443996950984,515,10.697931498351025
EGLL,517,19,13.105449556832244,true,51.470476,-0.485978,true,3.2181525407321137,-2.4839483466930687,-2.0460954001173377,517,3.2181525407321137
EGLL,518,14,93.74463826446274,false,51.4699405,-0.484867,true,98.1980984123795,98.19570677950105,-0.6853480003774166,519,83.88324039156976
EGLL,519,49,7.073219747682742,true,51.468783,-0.485783,true,68.03057066819024,-5.006036603779648,-67.84613579977304,519,68.03057066819024
EGLL,520,28,43.28560913729788,false,51.468858999999995,-0.4865115,true,59.162879226303524,-3.9873542695277138,-59.028359999880195,520,59.162879226303524
EGLL,521,35,56.26538348129838,false,51.468893,-0.4872735,true,55.99885618305725,-9.691004507243633,-55.15393300075084,521,55.99885618305725
EGLL,522,20,36.645822053255046,true,51.469093,-0.4879795,true,34.26055837948834,-8.89908127666422,-33.0846220003441,522,34.26055837948834
EGLL,523,39,6.671815714730638,true,51.469395000000006,-0.488605,true,2.5022123458225747,-2.2877011713426327,1.0136518012732267,523,2.5022123458225747
EGLL,526,11,17.509686140096164,true,51.468772,-0.486795,true,67.83409314113192,-1.5540279857377755,67.81628999952227,526,67.83409314113192
EGLL,527,21,8.275940650276853,true,51.468771,-0.4864175,true,64.1020368881889,-17.14978407646413,61.765330399386585,527,64.1020368881889
EGLL,531,25,1.2876414267027028,true,51.473809,-0.4820625,true,8.907248674731996,-8.830429437948624,-1.167302400805056,531,8.907248674731996
EGLL,532,10,64.0228113372396,false,51.47316875,-0.483584,true,112.59820332284845,-112.58762860728893,1.543138399720192,532,112.59820332284845
EGLL,535,16,21.852887510855957,true,51.4712505,-0.483565,true,112.62185697767913,-112.18958663325611,9.857957200147212,535,112.62185697767913
EGLL,536,25,2.655905673003267,true,51.47049,-0.482063,true,8.308150003741016,-8.297857598110568,-0.41341960057616234,536,8.308150003741016
EGLL,537,43,2.603595758645527,true,51.469818,-0.482062,true,8.92434993769258,-8.838057420012774,-1.2380480002611876,537,8.92434993769258
EGLL,538,44,1.3265932828109461,true,51.469155,-0.48206275,true,9.939006802174418,-9.892799305926019,-0.9572764001786709,538,9.939006802174418
EGLL,539,20,1.3066613954244297,true,51.468498,-0.481987,true,6.322396517882373,-6.319436427511391,0.19344499986618757,539,6.322396517882373
EGLL,541,28,0.8343339076197956,true,51.468475,-0.4804465,true,5.748552993970187,5.746644318533072,0.148123599588871,541,5.748552993970187
EGLL,542,28,2.4458683339695675,true,51.469139,-0.48042925000000003,true,6.639498332685765,6.586415800338727,-0.8378932001069188,542,6.639498332685765
EGLL,543,18,25.86635999986902,true,51.469859,-0.478687,true,127.73439445037815,127.62515510027879,5.281601199880242,544L,116.06158290152257
EGLL,544,23,0.7974708539040876,true,51.470535,-0.480466,true,5.538395981823239,5.460941716963134,-0.9230090007185936,544,5.538395981823239
EGLL,544R,26,2.142961123786618,true,51.470707,-0.4805485,true,3.5064891517520396,-2.825127181575226,-2.0770466001704335,544R,3.5064891517520396
EGLL,546,15,0.7974708539040876,true,51.472134,-0.4804545,true,7.641231621234685,7.624514816248848,-0.5051678000018001,546,7.641231621234685
EGLL,547,22,0.34672645821410697,true,51.473087,-0.48048,true,7.831614808328308,7.818681632852531,-0.44989779964089394,547,7.831614808328308
EGLL,548,29,0.7737799994647503,true,51.47398,-0.480411,true,6.918787139205999,6.91788629439543,-0.1116454005241394,548,6.918787139205999
EGLL,551,19,0.8785506189425711,true,51.46851,-0.47699,true,8.441757407586746,-8.42892019932333,-0.4653734005987644,551,8.441757407586746
EGLL,552,18,1.1716841969675131,true,51.4691755,-0.47702925,true,11.227525869373876,-11.165285407594638,-1.1805672002956271,552,11.227525869373876
EGLL,553,27,2.624630011962225,true,51.469842,-0.477033,true,10.298097323364457,-10.25131446371961,-0.9804897997528315,553,10.298097323364457
EGLL,554,37,2.1178435711270676,true,51.470505,-0.477047,true,11.216332030293422,-11.146562178852037,-1.2491020001471043,554,11.216332030293422
EGLL,555,18,4.004134748844903,true,51.471247500000004,-0.4769835,true,9.246824945394456,-9.246501187801186,-0.07737799920141697,555,9.246824945394456
EGLL,556,12,43.477037625092564,false,51.4722915,-0.47867125,true,127.23972076717806,-126.95597303591057,8.49278820026666,546L,109.61648242436337
EGLL,561,14,6.34405461886066,true,51.473972,-0.475254,true,5.697809957343719,5.627370416899794,-0.8931631995365024,561,5.697809957343719
EGLL,563,26,2.8382766144883864,true,51.472239,-0.475292,true,2.3938291809359793,2.253721978428075,-0.806942000053823,563,2.3938291809359793
EGLL,564,17,1.0044807103414513,true,51.471439,-0.475235,true,6.389315746178314,6.35064180874906,-0.7019290002062917,564,6.389315746178314
EGLL,565,13,2.449635570699581,true,51.470552,-0.475216,true,7.298813589548965,7.244502618043043,-0.8887416003271937,565,7.298813589548965
EGLL,566,22,1.3581269055956644,true,51.469818,-0.475159,true,7.093013319504042,7.003181003121426,-1.125297199934721,566,7.093013319504042
EGLL,576,13,2.565775790826592,true,51.469388,-0.471725,true,6.707480568512685,-6.347174544174777,-2.1687947995960712,576,6.707480568512685
EGLL,590,10,60.86911135248397,false,51.469181500000005,-0.46902425,true,84.45946161179113,84.43066638817254,-2.2052729995921254,590,84.45946161179113
EHAM,A31,25,5.332994575378131,true,52.299228,4.753274,true,13.296211100901283,9.1105128407944,9.68440939951688,A31,13.296211100901283
EHAM,A32,12,8.047520874184709,true,52.2995495,4.752998,true,16.916640759762412,9.75645058345981,13.819710800424218,A32,16.916640759762412
EHAM,A33,13,3.1774296801582,true,52.300152,4.753274,true,68.87926303344138,48.46166632429231,48.94711199961603,A43,67.4326302875016
EHAM,A41,25,2.8839282702275684,true,52.2996,4.753902,true,66.20293724304963,-63.280117953429,-19.453934599645436,A41,66.20293724304963
EHAM,A42,17,6.031966052974954,true,52.299926,4.753551,true,66.64302371673992,-63.335931330453604,-20.73288240004331,A42,66.64302371673992
EHAM,A43,48,1.2309940352370967,true,52.30024,4.7532309999999995,true,65.91699103567372,-61.546500007563736,-23.602500800043344,A43,65.91699103567372
EHAM,A44,27,1.3421046538701704,true,52.30061,4.752865,true,65.91102314735143,-62.79209122894099,-20.03537500090897,A44,65.91102314735143
EHAM,A51,13,0.9948600009083748,true,52.300043,4.755554,true,12.59769237349083,10.287358317174949,7.271321199834347,A51,12.59769237349083
EHAM,A52,12,76.07253968949362,false,52.3003805,4.755211,true,12.422694202665918,10.455479099531658,6.708672599866986,A52,12.422694202665918
EHAM,A54,15,1.7750975945811203,true,52.301434,4.755077,true,68.58555066052378,48.466430880711414,48.52816540002823,A64,67.36568915562015
EHAM,A61,14,48.91467343770892,false,52.300570500000006,4.7567805,true,13.65862305210559,-12.018934310297482,-6.4886979991570115,A61,13.65862305210559
EHAM,A62,25,1.3931737059569975,true,52.300781,4.755764,true,66.36255189147529,-63.220901321503334,-20.176866199821234,A62,66.36255189147529
EHAM,A63,12,48.7909825987383,false,52.3011875,4.755497,true,60.476160090992224,-58.999504187493585,-13.282486400566995,A63,60.476160090992224
EHAM,A64,13,1.8791800001636147,true,52.301456,4.755059,true,67.73544146444667,-64.4957605334348,-20.69750959891826,A64,67.73544146444667
EHAM,A71,14,27.372015866471283,true,52.300834,4.757641,true,12.090349023911788,9.932739177136682,6.893274400383234,A71,12.090349023911788
EHAM,A72,11,36.76400331109102,true,52.301113,4.757355,true,12.098058696313329,10.417362646840047,6.151550999842584,A72,12.098058696313329
EHAM,B15,21,53.94158704741858,false,52.305105,4.7633465,true,62.8341673408873,62.45380771131022,6.903222999535501,B17,59.624699660290275
EHAM,B16,14,3.251794143079148,true,52.30386,4.760513,true,70.86554664360037,-57.96287280495744,-40.770468200556934,B95,61.06294279670116
EHAM,B17,67,2.8426377875935787,true,52.30507,4.76355,true,67.21274405383699,53.55293536034878,40.615712200291455,B17,67.21274405383699
EHAM,B20,31,1.7012849701354114,true,52.303778,4.760723,true,68.62348065184447,-65.49904001998948,-20.47090259939432,B95,60.83767102465215
EHAM,B23,86,11.235211814397143,true,52.304695,4.7638495,true,61.80623312532586,50.588700513821095,35.50765880011022,B23,61.80623312532586
EHAM,B24,17,2.6119112375223796,true,52.303493,4.761023,true,68.11894295603842,-64.49235727870837,-21.93003059923649,B94,60.727863434461035
EHAM,B27,101,46.60090405234431,false,52.3043615,4.764202,true,62.1659340925536,50.84190266369842,35.77295480016619,B27,62.1659340925536
EHAM,B28,16,275.7196485438555,false,52.30375575,4.7610355,true,90.45080737387138,-82.27436310349731,37.58028380014002,B20,49.81949205919807
EHAM,B31,122,8.454306303313821,true,52.30405475,4.764557,true,64.94176334175623,51.60763497190783,39.42188020050526,B31,64.94176334175623
EHAM,B32,11,847.55777778866,false,52.311099,4.761276,true,883.2669623203939,-84.67706092406297,879.1986818006262,F3,103.30152648652616
EHAM,B35,142,7.846733263267742,true,52.30372,4.764888,true,63.402460249401344,49.81139713950688,39.22622440010309,B35,63.402460249401344
EHAM,B36,70,2.9513824137991174,true,52.30265,4.761887,true,65.77391658085182,-61.769753516011406,-22.59879759978503,B92,61.0797894398299
EHAM,B93,12,118.58079749728235,false,52.302789,4.760571,true,11.276014717221585,-11.274982832139358,-0.1525451997295022,B93,11.276014717221585
EHAM,B95,29,1.5448462909048477,true,52.303791,4.76069,true,60.57074569999899,36.53802314575296,48.30929619912058,B95,60.57074569999899
EHAM,C05,23,1.1058210231811114,true,52.306647,4.765791,true,7.174230374001969,5.782129740924574,4.246946799568832,C5,7.174230374001969
EHAM,C06,109,3.8886524424173605,true,52.305737,4.7649,true,5.122137972436244,-4.641358764376491,-2.166583999991417,C6,5.122137972436244
EHAM,C07,83,1.2826897269404063,true,52.306206,4.766203,true,6.15122791557714,4.471876680210698,4.223733399063349,C7,6.15122791557714
EHAM,C08,135,4.5841697132769745,true,52.305408,4.765222,true,17.942019126461997,-15.76047253102297,-8.574587799608707,C8,17.942019126461997
EHAM,C09,64,1.6849994432724764,true,52.305714,4.7668995,true,6.612481958096612,3.8259389374870807,5.393246600404382,C9,6.612481958096612
EHAM,C10,124,46.356447811644884,false,52.3051235,4.764953,true,50.769216112184665,-50.703730522771366,-2.5777928000316024,C10,50.769216112184665
EHAM,C11,39,9.052657510794234,true,52.305496,4.768047,true,8.509535059675093,7.2332775464165024,4.482397000305355,C11,8.509535059675093
EHAM,C12,133,6.8109965607388645,true,52.304535,4.765091,true,60.19721790993646,-54.77266184595646,-24.973196799866855,C12,60.19721790993646
EHAM,C13,143,1.6587315350276695,true,52.305096,4.7680085000000005,true,5.219242988633042,5.2103829507832415,-0.3039850005879998,C13,5.219242988633042
EHAM,C14,199,3.7529684661401457,true,52.304162,4.765398,true,56.52478227833691,-50.36612765613245,-25.657439399510622,C14,56.52478227833691
EHAM,C15,147,1.2038078231275264,true,52.304787,4.767654,true,6.137675473624263,5.8719756651553325,-1.7863264000043273,C15,6.137675473624263
EHAM,C16,80,9.108934746886012,true,52.303872,4.765835,true,81.95001537089955,-59.418104515993036,-56.43840780016035,C14,61.28755251844197
EHAM,C18,116,1.9332583553460172,true,52.304651,4.767094,true,4.0657157144528755,3.854526276991237,-1.2933180006220937,C18,4.0657157144528755
EHAM,D03,131,3.464160932344848,true,52.309055,4.766297,true,4.037205875212595,2.105934010411147,3.44442639965564,D3,4.037205875212595
EHAM,D04,12,167.3130787502409,false,52.3081705,4.7673655,true,5.368087365230745,5.147763064189348,1.5221358006820083,D4,5.368087365230745
EHAM,D05,53,1.125107505956576,true,52.309128,4.767113,true,8.52721756037629,1.2183651837985963,8.43972900044173,D5,8.52721756037629
EHAM,D07,113,5.2639092539886825,true,52.30901,4.767929,true,8.390898762212961,2.587154225446284,7.982093400321901,D7,8.390898762212961
EHAM,D10,20,8.609807662637369,true,52.3079395,4.7687435,true,6.18538123745151,-5.6317058830172755,-2.5578955998644233,D10,6.18538123745151
EHAM,D16,13,22.831535826995893,true,52.306664,4.770584,true,63.13473639895553,21.865911468863487,-59.22733199968934,D18,61.48951146500853
EHAM,D18,28,11.167390783394392,true,52.3066555,4.770947,true,59.103760175017875,4.3078398033976555,-58.94656040053815,D18,59.103760175017875
EHAM,D22,32,5.141765728002979,true,52.306618,4.7716147499999995,true,60.06014913040732,5.748097193893045,-59.78445359971374,D22,60.06014913040732
EHAM,D23,13,87.05465989145975,false,52.308434,4.772167,true,106.71926364957444,80.65169126098044,69.88780959974974,D52,69.04458422298659
EHAM,D24,32,3.11215141063938,true,52.306609,4.772029,true,58.475618174538006,-7.0780891320318915,-58.045659399591386,D24,58.475618174538006
EHAM,D25,35,2.7843767126163073,true,52.307794,4.771652,true,3.0207128680730104,2.5095600181957707,1.6813133992254734,D25,3.0207128680730104
EHAM,D26,23,6.624352643414308,true,52.306595,4.772677,true,61.90606569756648,-7.9976485527004115,-61.38728359993547,D26,61.90606569756648
EHAM,D27,42,45.49996246404837,false,52.308416,4.772282,true,73.09531927908999,1.9139904451440088,73.07025619968772,D52,69.93040062271825
EHAM,D28,25,3.868900000117719,true,52.30713,4.7734435,true,0.9217635893220927,0.7385062706307508,0.5515946000814438,D28,0.9217635893220927
EHAM,D29,55,1.5782243495005333,true,52.307805,4.77293,true,10.034113937119557,3.7816966262762435,9.294203200377524,D29,10.034113937119557
EHAM,D31,28,4.200520000420511,true,52.307782,4.77356,true,8.36858517791078,2.8226594509906135,7.878185800276697,D31,8.36858517791078
EHAM,D41,65,1.2979524180287687,true,52.309283,4.768887,true,11.295133044569004,-3.751747984904796,10.653845200315118,D41,11.295133044569004
EHAM,D43,129,4.164670483764752,true,52.309644,4.769499,true,4.21176407526922,2.3217003585305065,3.514066600240767,D43,4.21176407526922
EHAM,D44,53,6.28705844304463,true,52.309078,4.771147,true,4.142399882394907,3.887197522155475,-1.4314930001273751,D44,4.142399882394907
EHAM,D47,140,5.084839999675751,true,52.310017,4.770205,true,7.310771543088817,2.203947745845653,6.970652400515974,D47,7.310771543088817
EHAM,D48,68,1.5324148643256679,true,52.309067,4.771767,true,3.4670627140676387,2.8546500451047905,-1.967612000182271,D48,3.4670627140676387
EHAM,D49,167,2.703436522833245,true,52.3099935,4.771186,true,8.13599867078551,3.498545835027471,7.345382999628782,D49,8.13599867078551
EHAM,D51,65,1.3613018813193776,true,52.31004,4.771794,true,12.741415492983492,3.6993378624902107,12.192562000826001,D51,12.741415492983492
EHAM,D52,72,8.696128701083637,true,52.309037000000004,4.772382,true,1.5373391273457286,1.1196707974886522,-1.0534462006762624,D52,1.5373391273457286
EHAM,D53,179,5.257299319297859,true,52.309925,4.772377,true,4.814101643954151,3.0520388178993016,3.7229872001335025,D53,4.814101643954151
EHAM,D54,81,8.901942432512167,true,52.30901,4.77303,true,2.6054790241058936,2.2883484625490382,-1.2457857998088002,D54,2.6054790241058936
EHAM,D55,64,1.3282251505851526,true,52.309982,4.773027,true,10.165727523293475,-3.8347873997990973,9.41469179932028,D55,10.165727523293475
EHAM,D56,61,3.8191584532341745,true,52.308998,4.773674,true,3.208441982330105,3.0956004781182855,-0.8434202000498772,D56,3.208441982330105
EHAM,D57,126,4.153887339733785,true,52.3099,4.7736175,true,12.293503625060117,4.631149000255391,11.38783079944551,D57,12.293503625060117
EHAM,D88,18,2.520492783769102,true,52.311563,4.770695,true,6.693415212035406,0.6336860257433727,-6.663351200520992,D88,6.693415212035406
EHAM,D90,31,1.6295828181151801,true,52.311553,4.771343,true,6.151148976780223,0.5030010450864211,-6.130548399873078,D90,6.151148976780223
EHAM,D92,22,2.015011410476382,true,52.311533,4.77199,true,3.571377153368446,0.4594393849838525,-3.5417015999555588,D92,3.571377153368446
EHAM,D93,29,2.8524306903917345,true,52.311483,4.772625,true,8.460181716413858,-0.5023203942109831,-8.445255999453366,D93,8.460181716413858
EHAM,D94,30,2.035726759979329,true,52.311488,4.773267000000001,true,5.126436015733094,-0.2525214990018867,-5.120212799869478,D94,5.126436015733094
EHAM,D95,30,0.9088209136714082,true,52.31149,4.77391525,true,2.2354099282517432,0.4097518662456423,-2.1975352000445127,D95,2.2354099282517432
EHAM,E02,22,5.795828395381626,true,52.310383,4.76580525,true,1.5761374841941624,0.21916960284579545,-1.5608247993513942,E2,1.5761374841941624
EHAM,E03,67,4.638539850776826,true,52.310886,4.764881,true,6.621201161717578,-2.95334443153115,5.926049400120974,E3,6.621201161717578
EHAM,E04,45,4.653098404641768,true,52.310658,4.766772,true,2.9558645791192437,2.9397314126836136,-0.308406600728631,E4,2.9558645791192437
EHAM,E05,56,3.814336642067939,true,52.31139,4.765418,true,6.043250133106038,-2.227770528756082,5.617642801254988,E5,6.043250133106038
EHAM,E06,65,2.5612688320391728,true,52.311215,4.766998,true,1.6463716250433618,1.5464389371918514,-0.5648593995720148,E6,1.6463716250433618
EHAM,E07,56,2.623254122591249,true,52.311974,4.76585875,true,4.56672621966576,-2.9152279788977467,3.5151720009744167,E7,4.56672621966576
EHAM,E08,95,2.8247014036751352,true,52.311745,4.7676315,true,4.532011523089624,4.527690057235304,0.1978665990754962,E8,4.532011523089624
EHAM,E09,33,3.028550880702908,true,52.312565,4.76636,true,3.0380901767155493,0.3314770080614835,3.0199528001248837,E9,3.0380901767155493
EHAM,E17,33,1.9386406226981612,true,52.313118,4.766922,true,3.8828735670862713,-1.4320895791752264,3.6091310000047088,E17,3.8828735670862713
EHAM,E18,81,3.6756598052028577,true,52.312321,4.768353,true,5.695095146416579,5.678670797962695,-0.4322114009410143,E18,5.695095146416579
EHAM,E19,42,3.1642730305428985,true,52.313705,4.767609,true,4.689640059506973,-2.966276799386833,3.6323443995788693,E19,4.689640059506973
EHAM,E20,62,3.1379305434574722,true,52.312973,4.7689675000000005,true,7.5400828257049,7.257780980318785,-2.0438846005126834,E20,7.5400828257049
EHAM,E22,70,3.7531853318952164,true,52.313531,4.769577,true,8.515038683689424,7.8608377136988565,-3.2730894004926085,E22,8.515038683689424
EHAM,E24,79,2.9197749271441777,true,52.314159,4.770185,true,11.557413913912288,10.043685280368663,5.718234200030565,E24,11.557413913912288
EHAM,E72,15,1.5517475829454923,true,52.312031,4.771633,true,4.236438313631591,0.9590371753438376,-4.126458200626075,E72,4.236438313631591
EHAM,E75,18,0.8848462228197604,true,52.311928,4.7726855,true,4.40858327641396,-1.0060020902892575,-4.2922681998461485,E75,4.40858327641396
EHAM,E77,26,1.115155058893265,true,52.31189975,4.773756,true,4.797587774328331,0.48394281876971945,-4.773117199540138,E77,4.797587774328331
EHAM,F03,17,1.7655085794768568,true,52.312042,4.76118,true,4.1216061431162805,3.8538456260575913,1.4613388003781438,F3,4.1216061431162805
EHAM,F04,103,3.6074499854585156,true,52.312305,4.76273,true,1.6461532654174866,-1.0747478353441693,1.2468911996111274,F4,1.6461532654174866
EHAM,F05,77,1.775097594623527,true,52.312694,4.760876,true,1.3663354185891459,1.1074190804501995,0.8003096003085375,F5,1.3663354185891459
EHAM,F06,101,3.3351896092062816,true,52.312981,4.762936,true,6.0732810614284105,5.682074052630924,2.144475999288261,F6,6.0732810614284105
EHAM,F07,100,1.4909174672407974,true,52.313473,4.760808,true,5.663644528989263,2.8832373846671544,4.874813999980688,F7,5.663644528989263
EHAM,F08,128,1.4185181048929016,true,52.313587,4.762764,true,12.688153689371516,8.003093760285992,9.845797799527645,F8,12.688153689371516
EHAM,F09,106,1.7130097851392896,true,52.313554,4.7617705,true,7.034740096344201,3.067693789547775,6.330625801347196,F9,7.034740096344201
EHAM,G02,152,4.345010890311175,true,52.311844,4.7580005,true,3.9300674178389077,3.8742651542415842,0.6599238011986017,G2,3.9300674178389077
EHAM,G03,70,3.9521241310227846,true,52.311575250000004,4.756257,true,6.062727931241347,-6.057112721027806,0.26087440084666014,G3,6.062727931241347
EHAM,G04,163,4.288100926147308,true,52.31234,4.757963,true,7.591430055252973,7.448363243718632,1.4668657993897796,G4,7.591430055252973
EHAM,G05,34,9.60114197735436,true,52.3122025,4.7561160000000005,true,11.532220724074651,-11.397500001301523,-1.7575860004872084,G5,11.532220724074651
EHAM,G06,161,4.045609090465764,true,52.312992,4.757884,true,6.3567320405441174,6.1408327866811305,1.6426244005560875,G6,6.3567320405441174
EHAM,G07,33,5.785532995709218,true,52.312868,4.756099,true,5.453282948424036,-5.447249478136655,0.25645279977470636,G7,5.453282948424036
EHAM,G08,126,2.96751153853296,true,52.313636,4.757865,true,9.89196306998131,9.721737385436427,1.8272262001410127,G8,9.89196306998131
EHAM,G09,85,1.4338940123243715,true,52.313554,4.75608,true,8.527577403090413,-8.525833682680968,-0.17244239896535873,G9,8.527577403090413
EHAM,G71,17,1.2932367873145267,true,52.311553,4.753647,true,17.882220246928156,17.820122277422342,1.4889738000929356,G71,17.882220246928156
EHAM,G73,39,2.069903503322364,true,52.3120995,4.753113,true,6.7760494501795545,6.6955633033649065,1.0412868009880185,G73,6.7760494501795545
EHAM,G76,44,4.000893616349972,true,52.312752,4.753019,true,7.381887553693491,7.3326525837183,0.8511580005288124,G76,7.381887553693491
EHAM,G79,29,1.7162635551981298,true,52.313403,4.752862,true,3.9398880363846893,3.809603314846754,1.0048086000606418,G79,3.9398880363846893
EHAM,H01,46,3.8049162995745505,true,52.310955,4.754778,true,74.00641167524886,-64.81906973011792,35.71326319966465,H2,65.33106027117334
EHAM,H03,47,7.96361600572709,true,52.31061,4.754078,true,59.03580078713855,-39.92085832072189,43.49196299910545,H3,59.03580078713855
EHAM,H04,32,3.5221573140141498,true,52.3100225,4.7541145,true,1.9027422539550267,-0.8739558078814298,1.6901565995067358,H4,1.9027422539550267
EHAM,H05,22,4.3554838087355305,true,52.309834,4.753568,true,4.427957842027236,-1.0060020902892575,4.31216540094465,H5,4.427957842027236
EHAM,H06,24,32.28936176194675,true,52.3096265,4.7530275,true,4.601155485214216,-1.487222305382602,4.35417059995234,H6,4.601155485214216
EHAM,H07,11,2.981834933706138,true,52.309411,4.752502,true,3.863307588995636,-0.43221334740519524,3.8390541998669505,H7,3.863307588995636
EHAM,K11,17,2.472681648631007,true,52.310878,4.803164,true,1.946530251117831,-1.944619737449102,0.08622119948267937,K11,1.946530251117831
EHAM,K13,13,2.586473574570846,true,52.311275,4.803753,true,1.1323455987874669,-1.1319225142942742,-0.030951199121773243,K13,1.1323455987874669
EHAM,K14,18,2.4664038655131586,true,52.311483,4.8040312499999995,true,1.5160906570107056,-1.5117257392848842,-0.11496159993112087,K14,1.5160906570107056
EHAM,K16,11,3.402569939577208,true,52.311902,4.804611,true,2.4392603137604545,-1.896293520636391,1.5342952003702521,K16,2.4392603137604545
EHAM,K20,36,1.2932367873145267,true,52.310612,4.803753,true,4.398723097333801,-4.328939982573502,-0.7804124001413584,K20,4.398723097333801
EHAM,K21,14,0.9652791926330521,true,52.3107875,4.80401025,true,2.0200464877611273,-1.74859226658009,1.0114410007372499,K21,2.0200464877611273
EHAM,K22,13,1.566679051574702,true,52.310944,4.804243,true,1.081172704383011,-0.7133221857948229,-0.8124689999967813,K22,1.081172704383011
EHAM,K23,19,1.4533921305280826,true,52.31111,4.804459,true,14.717296400174867,-10.8768020318239,9.914332599379122,K23,14.717296400174867
EHAM,K25,22,1.2939274678415267,true,52.311424,4.8049225,true,0.3295259158687256,0.32943505531875417,-0.007737800478935242,K25,0.3295259158687256
EHAM,K27,14,1.0886586074401445,true,52.31173149999999,4.8053675,true,1.4638289849741326,-1.0665800240822136,-1.0025978004559875,K27,1.4638289849741326
EHAM,K28,47,1.5666790515266535,true,52.31189,4.805596,true,0.36836652606363457,-0.36823215894401073,0.009948600083589554,K28,0.36836652606363457
EHAM,K35,13,5.102716963301575,true,52.310331,4.804707,true,10.894079271952192,-7.210135414497927,8.166695199906826,K35,10.894079271952192
EHAM,K36,28,14.40722635738566,true,52.31068,4.805203000000001,true,9.77848734276708,-6.660169454407878,7.159675799310207,K36,9.77848734276708
EHAM,K37,46,18.105383201814345,true,52.3110265,4.805648,true,12.366653759870239,-9.429738131933846,8.00088519975543,K37,12.366653759870239
EHAM,K38,68,21.303958245541626,true,52.311287,4.8060255000000005,true,16.10098735191935,-16.081739774963353,-0.7870447998866439,K38,16.10098735191935
EHAM,S64,10,7.238560209533555,true,52.290519,4.7502425,true,12.786593433801109,-2.6926551212673075,12.499863200820982,S64,12.786593433801109
EHAM,S65,21,1.305955618327625,true,52.290883,4.751351,true,6.974757202259361,-2.2577191701857373,6.599237999878824,S65,6.974757202259361
EHAM,S68,12,1.272015531766156,true,52.292314000000005,4.755039,true,6.171676475463794,-1.6498978801537305,5.947052001021802,S68,6.171676475463794
EHAM,S74,19,7.4717336623387505,true,52.294281,4.760317,true,17.10101961775951,-8.478868767851964,14.851048999466002,S74,17.10101961775951
EHAM,S77,46,9.819369966855753,true,52.2946625,4.7612675,true,19.65151296757133,-10.36291057150811,16.697066999971867,S77,19.65151296757133
EHAM,S79,43,11.589372998896229,true,52.295062,4.762192,true,22.95499197920878,-12.39261167665245,19.32239199988544,S79,22.95499197920878
EHAM,S82,20,7.9610693207961365,true,52.2954185,4.7631715,true,24.334942559455232,-11.897778442769777,21.228101599030197,S82,24.334942559455232
EHAM,S84,11,5.606559197158747,true,52.295792,4.764137,true,20.13018553085236,-10.531031353923026,17.155807999894023,S84,20.13018553085236
EHAM,S87,75,1.1307792269881827,true,52.296179,4.7650875,true,22.333034120368513,-11.34985443559708,19.233960000798106,S87,22.333034120368513
EHAM,S90,25,4.52411882762379,true,52.296513,4.766083,true,15.024470568916886,-6.46550328534795,13.562152599915862,S90,15.024470568916886
EHAM,S92,15,9.560644957641554,true,52.296902,4.767017,true,20.18913834421497,-10.239032100362238,17.400101399980485,S92,20.18913834421497
EHAM,S94,23,1.9252291702765587,true,52.297284,4.767971,true,20.06036203992962,-9.495080622262321,17.670924399979413,S94,20.06036203992962
EHAM,S96,35,9.475375608029628,true,52.297646,4.76893,true,19.344474881783114,-8.912443417008035,17.169072799384594,S96,19.344474881783114
EHAM,Y71,22,1.9049921002350279,true,52.306266,4.744053,true,29.592283473956243,-24.705587193195242,16.289174400269985,Y71,29.592283473956243
EHAM,Y72,13,1.3421046547995066,true,52.304684,4.743916,true,86.84723580637835,-15.222758287971374,-85.50269000045955,Y73,23.6541219660069
LEBL,102,15,1.7686399994418025,true,41.303341,2.08297,true,9.745516030318067,1.0495887562574353,-9.688830999657512,Gate 102,9.745516030318067
LEBL,104,10,6.518989735397387,true,41.3032735,2.0819095,true,7.706429986509856,-2.7021683438506443,-7.217156599275768,Gate 104,7.706429986509856
LEBL,105,10,85.15015794625037,false,41.302988,2.081433,true,62.371393736596175,-8.752148473635316,-61.75427640043199,Gate 104,57.57055503907782
LEBL,108,14,3.2638906431694465,true,41.3024655,2.080397,true,9.756274738922102,0.016726514062611386,-9.756260400637984,Gate 108,9.756274738922102
LEBL,109,16,2.528099614956962,true,41.302251749999996,2.079819,true,8.741477513250524,-2.019726570812054,-8.504947600886226,Gate 109,8.741477513250524
LEBL,110,14,3.6545438221586712,true,41.30242525,2.0793179999999998,true,3.7270879814356417,-1.1089678811549675,-3.558282599784434,Gate 110,3.7270879814356417
LEBL,114,25,3.4072366478502802,true,41.301556,2.077789,true,10.92011490020184,0.6381165107886773,-10.901454799808562,Gate 114,10.92011490020184
LEBL,115,11,1.956228810847959,true,41.301401,2.0772185,true,7.836206004371499,-1.4593883503694087,-7.699110999703407,Gate 115,7.836206004371499
LEBL,116,10,1.6377368885151569,true,41.301493,2.0766255,true,9.65135420190088,-3.4707516641938128,-9.005693799816072,Gate 116,9.65135420190088
LEBL,117,23,2.769375737149676,true,41.301716,2.0762695,true,5.228367534917003,-4.225117447582306,-3.079644400626421,Gate 117,5.228367534917003
LEBL,120,14,2.819419052257018,true,41.3006975,2.07510425,true,6.538144643797143,2.75736584016704,-5.9282602006569505,Gate 120,6.538144643797143
LEBL,121,16,3.082080622288373,true,41.300459,2.074503,true,4.556980893721898,-0.6130267397093121,-4.515558999963105,Gate 121,4.556980893721898
LEBL,122,35,4.067201586031214,true,41.300633,2.074013,true,3.70405582132775,-2.044816341949627,-3.088487599976361,Gate 122,3.70405582132775
LEBL,124,25,4.067201586899175,true,41.300389,2.072952,true,3.243517320776378,1.2436163191741798,-2.9956339998170733,Gate 124,3.243517320776378
LEBL,125,13,4.6112203734623805,true,41.300205,2.072571,true,10.155401849839508,-5.578292433783645,-8.486155799590051,Gate 125,10.155401849839508
LEBL,126,16,4.051411130473039,true,41.3004,2.072078,true,2.482334491223057,1.08220545866061,2.234013400040567,Gate 126,2.482334491223057
LEBL,128,36,2.494405977757024,true,41.300606,2.071304,true,3.91573909388461,-3.7952460366359446,-0.9639087989926338,Gate 128,3.91573909388461
LEBL,129,33,5.10158678345033,true,41.300755,2.070953,true,0.7684018380312204,0.20071816848940216,0.7417233996093273,Gate 129,0.7684018380312204
LEBL,131,41,2.8350733660117404,true,41.29834,2.070533,true,1.33720508215074,-0.1045407127821818,1.3331124000251293,Ramp 131,1.33720508215074
LEBL,132,37,1.7713619033559338,true,41.298143,2.069855,true,5.713380537584075,-1.6659607988258358,5.465097600594163,Ramp 132,5.713380537584075
LEBL,133,20,1.3323005619022297,true,41.297991,2.069144,true,3.4511371461809843,-0.7167311267985497,3.375891599804163,Ramp 133,3.4511371461809843
LEBL,135,24,1.3898495625619014,true,41.297688,2.068254,true,3.6005324422897425,-0.5912822714599315,3.5516502000391483,Ramp 135,3.6005324422897425
LEBL,137,17,1.2273906110079917,true,41.299539,2.068022,true,1.4326933902379422,0.8212718395807315,1.1739348005503416,Ramp 137,1.4326933902379422
LEBL,143,10,1.4354628558621307,true,41.29825925,2.0648600000000004,true,39.212217948112574,-16.339295244106324,35.645833800546825,Ramp 143A,9.397306768713287
LEBL,143A,40,3.58379982105542,true,41.298271,2.0648887499999997,true,12.117854242491266,11.104732673964463,4.850495199672878,Ramp 143A,12.117854242491266
LEBL,200,96,1.348663011905177,true,41.289775,2.069153,true,2.7499742073611086,-0.3947457314352505,2.7214948004111648,Gate 200,2.7499742073611086
LEBL,202,105,2.5547698755042685,true,41.290019,2.069781,true,5.995007201665633,-1.1424209092219826,5.885149599984288,Gate 202,5.995007201665633
LEBL,204,115,5.644733810093773,true,41.290264,2.070404,true,9.421428132602106,-2.441234724741662,9.099652799777687,Gate 204,9.421428132602106
LEBL,206,101,3.182754233996078,true,41.290421,2.07106,true,2.817379838212208,-0.6163720425392967,2.7491298001259565,Gate 206,2.817379838212208
LEBL,208,100,4.623547532668832,true,41.290706,2.071899,true,3.0387944155554325,-0.3278396752430126,3.021058199927211,Gate 208,3.0387944155554325
LEBL,210,84,5.107417703654551,true,41.290927,2.072525,true,3.835295475313995,-1.4200810423353687,3.562704199925065,Gate 210,3.835295475313995
LEBL,212,89,3.3365726431755927,true,41.291176,2.073151,true,7.6399568573666485,-2.375164994271472,7.261372599750757,Gate 212,7.6399568573666485
LEBL,214,86,2.518127365670221,true,41.291335,2.073822,true,1.1990984251980696,0.5519749634549953,1.064500198699534,Gate 214,1.1990984251980696
LEBL,216,49,2.132630540669197,true,41.291643,2.074585,true,2.377483267849691,1.3013227926567197,1.9897199999541044,Gate 216,2.377483267849691
LEBL,217,95,1.3381211235246155,true,41.291622,2.074715,true,10.781721727574588,8.09646912314929,7.119881399907172,Gate 217,10.781721727574588
LEBL,218,19,1.5348496321248852,true,41.291591,2.075074,true,1.2774507108990336,-0.5477933349611703,1.15403759945184,Gate 218,1.2774507108990336
LEBL,220,11,6.364720379651767,true,41.29095,2.075211,true,2.1615677938348394,0.2232989624608308,2.150003000162542,Gate 220,2.1615677938348394
LEBL,222,13,2.934610415380387,true,41.29081,2.075573,true,2.4272420681655613,-0.6322622309089638,2.3434480000287294,Gate 222,2.4272420681655613
LEBL,224,15,124.03739322489591,false,41.291637,2.076666,true,136.6516282763016,-22.543995628831908,134.7792111998424,Ramp 302,99.88616835611627
LEBL,226,63,1.349531776512416,true,41.29073,2.077477,true,8.900900455423406,-3.222362930595409,8.297132399864495,Gate 226,8.900900455423406
LEBL,228,101,1.390830457382272,true,41.290936,2.078023,true,4.011257005542477,-0.8313077479833737,3.9241700004786253,Gate 228,4.011257005542477
LEBL,230,101,1.3381211235537194,true,41.291107,2.078522,true,4.5552210140273,-0.22162631104583852,4.549826399423182,Gate 230,4.5552210140273
LEBL,232,131,1.5766117671267295,true,41.291276,2.079022,true,3.6826019041656877,-0.784473508654628,3.598077000118792,Gate 232,3.6826019041656877
LEBL,234,83,1.8791799992322922,true,41.291444999999996,2.079514,true,3.9686142952162333,-1.0788601558306254,3.8191569996997714,Gate 234,3.9686142952162333
LEBL,236,98,1.8443710498433148,true,41.291679,2.0802,true,3.6283008796435614,-0.7978547198872548,3.539490799419582,Gate 236,3.6283008796435614
LEBL,238,79,1.713370000012219,true,41.2918545,2.080708,true,4.152500053727642,-1.101440949802054,4.003758800216019,Gate 238,4.152500053727642
LEBL,240,63,1.854711682508122,true,41.292033,2.0812075,true,5.1354476689167035,-1.5814919029071461,4.885868000797927,Gate 240,5.1354476689167035
LEBL,242,31,1.5851399042003718,true,41.292206,2.081589,true,4.7935078785928535,0.6531703734362964,4.7487984001636505,Gate 242,4.7935078785928535
LEBL,246,14,1.54940120712243,true,41.292394,2.082431,true,2.6031544267068427,-0.1848279802070465,2.5965846003964543,Gate 246,2.6031544267068427
LEBL,248,10,9.714754255825916,true,41.29236925,2.0845640000000003,true,163.7629758681168,139.51501731740427,85.75472120009363,Gate 247,125.96800886295739
LEBL,285,12,3.7815928060539763,true,41.286886499999994,2.0761615,true,7.807743423368685,4.941012248687912,-6.045432600192726,Ramp 284,7.719824196832187
LEBL,291,16,1.5889606190454173,true,41.286198,2.074138,true,4.967792393682463,3.716631420655176,-3.296302800066769,Ramp 291,4.967792393682463
LEBL,295,10,1.3120299035290537,true,41.285809,2.073108,true,7.62444624837388,4.306241040700115,-6.2919367998838425,Ramp 295,7.62444624837388
LEBL,300,19,1.1054000006988645,true,41.292974,2.076752,true,12.209881627631718,6.587737556314096,10.280220000073314,Ramp 300,12.209881627631718
LEBL,302,20,1.8476464478943928,true,41.292297,2.077408,true,1581.3935365895068,-841.3509045817482,-1339.0049189329147,Ramp 302,8.895048351702991
LEBL,310,36,1.3323005619022297,true,41.293662,2.078273,true,3.409980146442877,2.7556931888102554,2.008511799387634,Ramp 310,3.409980146442877
LEBL,312,15,1.329113838416164,true,41.293316,2.07843,true,1.7557116754761297,1.459388350340305,0.9760681996122003,Ramp 312,1.7557116754761297
LEBL,314,22,1.3881280798924587,true,41.292882,2.078694,true,2.4100572663885362,1.7169766666484065,1.6912620002403855,Ramp 314,2.4100572663885362
LEBL,320,61,1.2975798068064008,true,41.293968,2.079163,true,0.5756469835340332,-0.37383758887881413,0.43773839995265007,Ramp 320,0.5756469835340332
LEBL,322,32,1.3621077650286209,true,41.2936485,2.079397,true,1.3939863489192488,-1.1558021204546094,-0.7793069994077086,Ramp 322,1.3939863489192488
LEBL,330,77,1.3708460231550181,true,41.294535,2.080811,true,1.3763331165401533,0.41899917685077526,1.311004400253296,Ramp 330,1.3763331165401533
LEBL,332,48,1.3264800002798438,true,41.294186,2.080957,true,0.6645789828932789,0.5937912485969719,0.2984579997137189,Ramp 332,0.6645789828932789
LEBL,334,58,1.4739325016332459,true,41.293751,2.081223,true,1.942069523212245,0.5268851923756301,1.8692314000800252,Ramp 334,1.942069523212245
LEBL,340,80,4.1650727866761486,true,41.294849,2.081722,true,7.405509702434767,7.311159288772615,-1.1783564006909728,Ramp 340,7.405509702434767
LEBL,342,43,1.3426791250244643,true,41.294023,2.0822715,true,2.5248741281054157,1.7562839746824466,1.8139614006504416,Ramp 342,2.5248741281054157
LEBL,412,14,1.3356370779560367,true,41.288461999999996,2.08125375,true,1.641949507884237,-1.5488752004748676,-0.5449622003361583,Ramp 412,1.641949507884237
LEBL,86,12,2.5499956987244596,true,41.305687,2.085111,true,0.860323217271619,0.21326305405818857,0.8334715999662876,Ramp 86,0.860323217271619
LEBL,UNKNOWN,31,45.76330386991927,false,41.297071,2.06192,false,,,,Ramp 164,5.6556559069923145
LEMD,11,21,1.7583706473292406,true,40.472097,-3.568466,true,14.680548030588907,11.647550666704774,8.936053600162268,11,14.680548030588907
LEMD,16,14,1.259390366410741,true,40.470537,-3.566718,true,6.536887331296211,5.100196122541092,4.088874599896371,16,6.536887331296211
LEMD,211,18,1.8567019613246285,true,40.4605055,-3.556231,true,5.801708270475974,3.95618732937146,-4.2436306001618505,211,5.801708270475974
LEMD,213,16,3.2817947795736333,true,40.460529,-3.557432,true,10.00578651785599,-5.946136007376481,8.047311999835074,213,10.00578651785599
LEMD,215,31,1.2892763929780096,true,40.460484,-3.558289,true,3.617499973362848,0.4852087628096342,3.584812200628221,215,3.617499973362848
LEMD,217,33,1.8960989475491834,true,40.460552,-3.559414,true,3.1887137622761457,-0.3717393488041125,3.1669709999114275,217,3.1887137622761457
LEMD,221,22,1.8708607622435296,true,40.4605465,-3.561356,true,8.414957218074251,-8.066489832825027,2.3965071998536587,221,8.414957218074251
LEMD,225,14,4.450699218609542,true,40.460511499999996,-3.563181,true,0.15707353133361995,0.019476093410048634,-0.15586140006780624,225,0.15707353133361995
LEMD,259,44,5.337999820667747,true,40.46188,-3.560382,false,,,,221,167.26459814377375
LEMD,263,35,1.7686399994418025,true,40.461873,-3.561661,false,,,,221,152.83343387666238
LEMD,31,21,2.7635000003501773,true,40.461019,-3.568622,true,6.186841997176256,-2.866372883087024,5.482784000225365,31,6.186841997176256
LEMD,32,21,1.3264800002798438,true,40.460749,-3.569012,true,5.581496120702106,-3.0865374176064506,4.650417800061405,32,5.581496120702106
LEMD,34,17,2.4117432487241226,true,40.460152,-3.569964,true,6.51482471977222,-2.7088705621426925,5.924944000318646,34,6.51482471977222
LEMD,35,21,3.1273114157109116,true,40.459993,-3.56929,true,4.906283222876961,-3.973969849408604,-2.8773561995476484,35,4.906283222876961
LEMD,37,16,1.8496179131006731,true,40.460027,-3.5686092499999997,true,8.737340028758204,7.537248163192999,-4.419389200396836,37,8.737340028758204
LEMD,40,36,1.3694152489444176,true,40.460843,-3.566711,true,6.504531912548453,6.314488209434785,1.5608247993513942,40,6.504531912548453
LEMD,41,20,1.2545676992212014,true,40.46016675,-3.566711,true,6.374104643234951,6.323802862898447,0.7992042005062103,41,6.374104643234951
LEMD,42,21,1.7782520101754926,true,40.459516,-3.566702,true,6.226818656760599,6.171381261956412,0.829050000756979,42,6.226818656760599
LEMD,43,16,2.960517476047337,true,40.458858,-3.56674725,true,5.930853036297339,5.875852713594213,0.8058366002514958,43,5.930853036297339
LEMD,44,14,1.5243258049897659,true,40.460371,-3.568622,true,7.701508078583916,7.649024003767408,0.8975848006084561,44,7.701508078583916
LEMD,45,16,2.9011703134661593,true,40.461617,-3.566635,true,6.079292989789916,-6.011338581098244,0.906427999958396,45,6.079292989789916
LEMD,50,12,1.5233848682769806,true,40.4585095,-3.570217,true,19.71782912925249,-9.847282203030773,-17.082851599901915,51,15.508627934611491
LEMD,501,16,2.1917046645278386,true,40.49287,-3.568481,true,8.589870593818599,-8.406051288067829,1.7675345996394753,501,8.589870593818599
LEMD,505,10,2.5826993481023237,true,40.49358,-3.5684810000000002,true,6.197765922487733,-5.945289220719133,1.7509536007419229,507,3.2919760703164345
LEMD,510,18,1.2843366864243881,true,40.494106,-3.568622,true,1.4538881197504243,-0.8755774183664471,1.160670000128448,510,1.4538881197504243
LEMD,512,13,1.6774474364243699,true,40.494538,-3.56839,true,2.6185318015293837,-1.5428453154745512,2.115735599771142,512,2.6185318015293837
LEMD,52,20,1.5395206310095562,true,40.458733,-3.570602,true,28.644903108927206,-10.426484286377672,-26.679934399202466,51,28.14667374519963
LEMD,522,13,1.4873105722866145,true,40.496029,-3.568665,true,8.665073822029536,-8.362018381187227,2.271597000770271,522,8.665073822029536
LEMD,524,12,0.8148340073022169,true,40.4965285,-3.568372,true,1.8546692618537282,0.5512581231887452,1.7708507990464568,524,1.8546692618537282
LEMD,525,13,5.497196657743861,true,40.496704,-3.568465,true,5.561253202424395,-4.986726708535571,2.4617258002981544,525,5.561253202424395
LEMD,53,19,4.236093929601822,true,40.459236,-3.570908,true,11.885323031809188,-8.401817354781087,8.406566998921335,54,6.679754720370445
LEMD,533,10,1.6289773658930984,true,40.498098,-3.5685385,true,4.699330063563977,-4.256796597677749,1.9908253997564316,533,4.699330063563977
LEMD,536,34,1.1701868873094505,true,40.498742750000005,-3.568649,true,7.00992432708628,-6.0409761145710945,3.556071801111102,536,7.00992432708628
LEMD,537,12,6.621710900629098,true,40.499050499999996,-3.568574,true,8.071511703102104,-0.9035213784663938,8.020782398991287,537,8.071511703102104
LEMD,541,19,4.573983937745016,true,40.499142,-3.566772,true,6.760661488699996,6.5998553177923895,1.4657603995874524,541,6.760661488699996
LEMD,582,14,2.6456821700092252,true,40.489647,-3.568165,true,4.385251146154293,-2.865526096371468,-3.3195162005722523,582,4.385251146154293
LEMD,583,33,1.8204812852985242,true,40.489949,-3.568481,true,11.219927413322273,-10.31809559231624,-4.407229799777269,583,11.219927413322273
LEMD,585,25,2.689879340089908,true,40.490596999999994,-3.568466,true,4.414062933526313,-4.198368317331187,1.3629581993445754,585,4.414062933526313
LEMD,60,12,2.671377683495712,true,40.457371,-3.5716910000000004,true,19.296511664058265,15.989025931456126,10.803074199706316,60,19.296511664058265
LEMD,600,21,1.2851839773651488,true,40.49869,-3.563753,true,1.671520423986411,0.08891260047676042,1.6691540004685521,600,1.671520423986411
LEMD,602,19,2.5427725173012288,true,40.498329,-3.563659,true,1.4879968963145722,-0.6520257371012121,1.3375340001657605,602,1.4879968963145722
LEMD,606,10,1.5898969758579165,true,40.497142,-3.56355075,true,10.50828630482621,10.36212849925505,1.7465320006012917,606,10.50828630482621
LEMD,62,17,3.1652670547973627,true,40.457623,-3.572024,true,23.883998925313744,22.943684864614625,6.6357162008062005,62,23.883998925313744
LEMD,63,15,2.88089248114334,true,40.457863,-3.572679,true,15.961360004006313,-15.867935437418055,1.7244239998981357,64,3.220121106597209
LEMD,73,11,1.7686399994418025,true,40.460133,-3.575455,true,10.889824963113464,8.518673915416002,-6.783839801326394,73,10.889824963113464
LEMD,98,17,1.1053999997675419,true,40.458049,-3.575113,true,5.891848448319379,-0.645251443667803,-5.856409199535847,98,5.891848448319379
LEMD,T1,32,2.7208508610564994,true,40.461639,-3.5713005,true,10.442432746381401,-7.5491031765704975,-7.2149457996711135,T1,10.442432746381401
LEMD,T19,15,17.175571007876794,true,40.46981,-3.567047,true,117.4872348709155,108.7036985954037,44.57304420042783,17,51.30820948907203
LEMD,T2,44,3.288927956687728,true,40.461685,-3.570713,true,10.646161282129585,0.033871466876007617,-10.646107399836183,T2,10.646161282129585
LEMD,T20,11,8.876861341880977,true,40.470316,-3.567505,false,,,,16,64.81621575964941
LEMD,T27,12,3.0078099381270524,true,40.4725825,-3.569275,true,83.56350455848647,82.15524287015432,-15.276627999730408,10,50.8835990691234
LEMD,T7,10,4.082058052880681,true,40.463729,-3.568512,true,10.982913125884862,10.397693539445754,-3.537279998883605,T7,10.982913125884862
LEMD,T8,14,6.096823387738221,true,40.464233,-3.5683670000000003,true,5.628002810456633,5.616735992080066,0.3559388006106019,T8,5.628002810456633
LIRF,307,24,1.5705664355060465,true,41.797328,12.25926,true,6.448209090300531,-2.0523933926597238,6.112862000241876,307,6.448209090300531
LIRF,308,44,2.613316753165118,true,41.79695975,12.259743,true,4.232033220634391,4.222635496640578,0.2818769998848438,308,4.232033220634391
LIRF,311,11,2.3336267824433925,true,41.795868,12.25905,true,4.201385263664639,3.8790484101045877,1.613884000107646,311,4.201385263664639
LIRF,407,24,1.160670000128448,true,41.798032750000004,12.256782,true,2.0763535540040414,1.0083534058649093,1.8150668004527688,407,2.0763535540040414
LIRF,408,21,1.3278727976139635,true,41.797648,12.256591,true,4.232353017062112,4.22927486046683,-0.1613884000107646,408,4.232353017062112
LIRF,611,23,1.7183841432176512,true,41.797623,12.248102,true,2.5551920179029968,-2.0457540289498866,-1.5309790009632707,611,2.5551920179029968
LIRF,613,22,4.691453836181038,true,41.796879,12.248492,true,1.8490784020698698,-0.45645627402700484,1.7918533999472857,613,1.8490784020698698
LSZH,101,19,1.264095386104492,true,47.453862,8.573679,true,1241.7623172522055,1220.3964069143403,-229.3605513991788,GAC 101,4.63330376429546
LSZH,102,20,1.5158913947101365,true,47.4538805,8.573421,true,1267.1879317258083,1245.722128045978,-232.25338320061564,GAC 102,4.824571942797288
LSZH,104,15,1.6483678085385751,true,47.453911,8.572928,true,1343.006820777497,1321.4554057625355,-239.63082280009985,GAC 104,4.086479026190606
LSZH,105,14,1.2303687487024997,true,47.45393249999999,8.572681,true,1368.8393073822635,1347.362989947782,-241.524373001419,GAC 105,4.676565539376939
LSZH,107,10,0.7411036506877066,true,47.454312,8.572945,false,,,,GAC 107,3.8256755268888134
LSZH,501,49,2.5646597296307982,true,47.4549655,8.569799,false,,,,Stand 507,28.323399231956707
LSZH,502,54,2.471344071761278,true,47.455055,8.56851,true,31.58268478822111,19.88797378563322,-24.534353000111878,Stand 503,25.99289661131512
LSZH,A03,48,7.2939185967025555,true,47.454641,8.561166499999999,true,77.11681631478189,0.7963921223999932,77.11270399950445,Gate A03,77.11681631478189
LSZH,A04,12,472.7533646100037,false,47.455963499999996,8.5587185,true,273.97938419590656,47.26113024132792,269.87235599942505,Stand H14,58.49941351373012
LSZH,A05,27,6.931520043929278,true,47.454059,8.560616,true,7.7176606206320955,1.240504931542091,7.617311400361359,Gate A05,7.7176606206320955
LSZH,A07,78,2.799401683116004,true,47.454048,8.560015,true,4.390546501524058,0.9785536474082619,4.280108800157905,Gate A07,4.390546501524058
LSZH,A09,49,2.6529600005596876,true,47.454048,8.559459,true,5.272877905651361,1.3421239643357694,5.099210200831294,Gate A09,5.272877905651361
LSZH,A11,103,2.612762612636998,true,47.454208,8.558033,true,7.16506795104479,1.2021155192051083,7.063506000675261,Gate A11,7.16506795104479
LSZH,A13,99,2.898578595754909,true,47.454257,8.557474,true,3.3717438668208235,1.0417832678649575,3.206765399314463,Gate A13,3.3717438668208235
LSZH,A15,116,2.9381758338419917,true,47.454292,8.556908,true,8.165728845108955,0.9401642350712791,8.111425200477242,Gate A15,8.165728845108955
LSZH,A17,85,2.376610000617802,true,47.4542555,8.556341,true,3.338931866682224,0.6706856153905392,3.2708785999566317,Gate A17,3.338931866682224
LSZH,A48,10,256.5018287203924,false,47.454823,8.572588,true,1140.4150581548608,1131.7477265173802,140.33384619932622,GAC 301,32.458966472343285
LSZH,A49,66,4.001398486335287,true,47.454129,8.558719,true,4.539461533590719,1.118562092538923,4.399492000229657,Gate A49,4.539461533590719
LSZH,A57,58,2.5468733319526917,true,47.454357,8.555691,true,5.738677422628357,1.1125402238685638,5.629802200011909,Gate A57,5.738677422628357
LSZH,E20,10,3.9867142901927117,true,47.460453,8.55835,true,3.769935164000647,0.9890919175231829,-3.6378713995218277,Gate E 20,3.769935164000647
LSZH,E27,11,12.459884810350498,true,47.462439,8.556695,true,108.92102813925058,-8.694072791491635,108.57349340058863,Gate E 33,98.5346016880963
LSZH,E34,21,3.868900000117719,true,47.460548,8.556272,true,8.21557630316625,0.30786803213413805,-8.209805799648166,Gate E 34,8.21557630316625
LSZH,E35,20,10.56657648390291,true,47.462505,8.555838,true,111.88498619801737,-0.42830540414433926,111.8841663999483,Gate E 33,95.28370563479507
LSZH,E42,16,2.2203988284546763,true,47.460623,8.555311,true,8.092326964665387,-0.31991176935844123,-8.086000999435782,Gate E 42,8.092326964665387
LSZH,E43,20,42.64108201303424,false,47.4625705,8.554925,true,109.92696879674149,2.2815354659687728,109.90328959934413,Gate E 45,106.55861140590788
LSZH,E46,12,5.007824987043398,true,47.460714249999995,8.55435,true,8.768376158718416,-0.37636678747367114,-8.760295000858605,Gate E 46,8.768376158718416
LSZH,E56,15,4.974299999885261,true,47.460812,8.552444,true,11.056740665187627,-0.6533727431669831,-11.037419000640512,Gate E 56,11.056740665187627
LSZH,E57,15,35.07186091152652,true,47.46278,8.551895,true,110.215526117589,2.3394959510769695,110.19069360010326,Stand P 33,78.49317846792503
LSZH,E58,43,4.003246920832075,true,47.46074,8.551853,true,4.813601240984162,-4.095623381668702,-2.5291551994159818,Gate E 58,4.813601240984162
LSZH,E62,17,5.262262555953861,true,47.460926,8.550367,true,91.05051240166138,-89.41646864335053,-17.172388999722898,Gate E 62,91.05051240166138
LSZH,F70,92,3.425604886886358,true,47.455044,8.5678115,false,,,,Stand F 75,37.40225544236215
LSZH,F71,126,2.789045249586956,true,47.45513,8.566695,false,,,,Stand F 74,33.318481318653355
LSZH,F72,158,1.8205272499200058,true,47.455212,8.565586,true,29.63259903809229,-11.381331654265523,-27.359755399636924,Stand F 72,29.63259903809229
LSZH,GA6,149,33.90834422013752,true,47.457667,8.573833,false,,,,GAC S4 E,62.24606829219103
LSZH,H11,153,1.492598051753429,true,47.455572,8.5615305,true,8.308147726321504,-0.3823886561440304,-8.299343200400472,Stand H11,8.308147726321504
LSZH,H12,169,1.583946985449753,true,47.455654,8.560574500000001,true,6.758435888899701,0.016560138668864965,-6.758415600284934,Stand H12,6.758435888899701
LSZH,H13,140,1.6230449077974014,true,47.455696,8.560015,true,6.25657287384229,0.010538269998505712,-6.256563998758793,Stand H13,6.25657287384229
LSZH,H14,109,2.673853948117479,true,47.455742,8.559459,true,5.928589884245957,0.26345675124321133,-5.9227331997826695,Stand H14,5.928589884245957
LSZH,HAN,20,1.3264800002798438,true,47.453862,8.573685,false,,,,GAC 101,4.688446480446171
LSZH,I01,153,2.570126731172779,true,47.455863,8.557457,false,,,,Stand 101,8.19892847779739
LSZH,I02,196,2.880921526309201,true,47.455898,8.556871,false,,,,Stand 102,9.239079190821505
LSZH,I03,152,2.624803786531886,true,47.455959,8.55597075,false,,,,Stand 103,8.548354081524815
LSZH,I04,137,1.563695836520724,true,47.455994,8.555374,false,,,,Stand 104,9.376612053305964
LSZH,I05,155,2.662553560907613,true,47.45605,8.554779,false,,,,Stand 105,7.458111315772555
LSZH,MFG,35,5.990318589078678,true,47.454525,8.573799,false,,,,GAC 304,56.525705024420375
LSZH,P31,11,0.6774602174991742,true,47.46337,8.5532,true,3.750273902265879,-0.11817917134612799,-3.74841140024364,Stand P 31,3.750273902265879
LSZH,REG,23,3.1731740307946232,true,47.457935,8.572787,false,,,,REGA Center,73.62934147691098
