airport,runway,lat,lon,displaced_m,width_m,opposite
EDDF,07C,50.03262189,8.53463267,0.0,60.05,25C
EDDF,25C,50.04513088,8.5869841,0.0,60.05,07C
EDDF,07L,50.037058,8.49707206,0.0,45.11,25R
EDDF,25R,50.04582339,8.53371416,0.0,45.11,07L
EDDF,07R,50.02754823,8.53418053,0.0,45.11,25L
EDDF,25L,50.04005816,8.58653744,0.0,45.11,07R
EDDF,18,50.0341559,8.52592624,0.0,45.11,36
EDDF,36,49.99848419,8.52628488,0.0,45.11,18
EDDM,08L,48.362767,11.76755,0.0,60.0,26R
EDDM,26R,48.366886,11.821172,0.0,60.0,08L
EDDM,08R,48.340669,11.751017,0.0,60.0,26L
EDDM,26L,48.344797,11.804614,0.0,60.0,08R
EGLL,09L,51.47749611,-0.4894104,306.0,49.99,27R
EGLL,27R,51.47769337,-0.43322805,0.0,49.99,09L
EGLL,09R,51.46478817,-0.48671691,306.0,49.99,27L
EGLL,27L,51.46496404,-0.43403183,0.0,49.99,09R
EHAM,09,52.31662794,4.74632839,89.0,45.0,27
EHAM,27,52.31836977,4.79690351,0.0,45.0,09
EHAM,18L,52.32129362,4.78016053,574.0,45.0,36R
EHAM,36R,52.2908115,4.7773436,0.0,45.0,18L
EHAM,18C,52.33139367,4.740041,0.0,45.0,36C
EHAM,36C,52.30177579,4.73732077,450.0,45.0,18C
EHAM,18R,52.36266639,4.71195543,270.0,60.0,36L
EHAM,36L,52.32857445,4.7088498,0.0,60.0,18R
EHAM,06,52.28792106,4.73415314,250.0,45.0,24
EHAM,24,52.30435433,4.77693323,0.0,45.0,06
EHAM,04,52.30035725,4.78348514,0.0,45.0,22
EHAM,22,52.31404135,4.80304057,0.0,45.0,04
LEBL,02,41.28773163,2.08481973,0.0,45.11,20
LEBL,20,41.30928753,2.0946638,0.0,45.11,02
LEBL,06R,41.2823122,2.07434998,0.0,60.05,24L
LEBL,24L,41.29222053,2.10328099,0.0,60.05,06R
LEBL,06L,41.29324514,2.06727495,430.0,60.05,24R
LEBL,24R,41.30572604,2.10372898,0.0,60.05,06L
LEMD,14R,40.48485517,-3.57599039,0.0,60.05,32L
LEMD,32L,40.45643155,-3.54711533,930.0,60.05,14R
LEMD,18R,40.53016847,-3.57484441,808.0,60.05,36L
LEMD,36L,40.49255983,-3.5746281,0.0,60.05,18R
LEMD,14L,40.49493125,-3.55788759,0.0,60.05,32R
LEMD,32R,40.47000334,-3.53257412,500.0,60.05,14L
LEMD,18L,40.53258379,-3.55938001,494.0,60.0,36R
LEMD,36R,40.50113048,-3.55920073,0.0,60.0,18L
LFPG,09L,49.024719,2.524892,0.0,60.0,27R
LFPG,27R,49.026694,2.561689,0.0,60.0,09L
LFPG,09R,49.020617,2.513058,0.0,45.11,27L
LFPG,27L,49.02368506,2.57030747,599.0,45.11,09R
LFPG,08L,48.9956874,2.55275689,0.0,45.11,26R
LFPG,26R,48.99869947,2.60917071,528.0,45.11,08L
LFPG,08R,48.99291388,2.56567737,0.0,60.05,26L
LFPG,26L,48.994878,2.602433,0.0,60.05,08R
LIRF,16R,41.81551667,12.22636389,0.0,60.05,34L
LIRF,34L,41.78199444,12.24040278,0.0,60.05,16R
LIRF,16L,41.84596944,12.26149444,0.0,60.05,34R
LIRF,34R,41.81244444,12.275525,0.0,60.05,16L
LIRF,07,41.7996591,12.23343385,298.0,45.0,25
LIRF,25,41.80961484,12.26947458,0.0,45.0,07
LTFM,17R,41.29879728,28.72453122,0.0,45.0,35L
LTFM,35L,41.26189042,28.72525176,0.0,45.0,17R
LTFM,17L,41.29883023,28.727038,0.0,60.0,35R
LTFM,35R,41.261919,28.72775521,0.0,60.0,17L
LTFM,16R,41.2986054,28.70674495,0.0,60.0,34L
LTFM,34L,41.26484268,28.70742027,0.0,60.0,16R
LTFM,16L,41.2986274,28.70925272,0.0,46.0,34R
LTFM,34R,41.26486737,28.7099245,0.0,46.0,16L
LTFM,18,41.28979182,28.75617563,0.0,45.0,36
LTFM,36,41.26224215,28.75671489,0.0,45.0,18
LSZH,10,47.4589472,8.53737642,0.0,58.05,28
LSZH,28,47.45660304,8.5704697,3.0,58.05,10
LSZH,14,47.48313441,8.53468281,160.0,60.05,32
LSZH,32,47.46129037,8.56444878,0.0,60.05,14
LSZH,16,47.47577887,8.53586801,7.0,60.05,34
LSZH,34,47.44544578,8.55673627,470.0,60.05,16
