airport,key,lat,lon,n,spread_m
EDDF,H11,50.033833,8.577969,4,0.3
EDDF,H13,50.034194,8.577743,13,4.0
EDDF,H7,50.033066,8.578407,3,1.2
EDDF,J8,49.963142,8.642879,5,25.2
EDDF,J9,50.02948,8.573679,5,12.8
EDDF,V153,50.041572,8.560753,56,1.6
EDDF,V322,50.027339,8.5699295,20,11.9
EDDF,V324,50.028008,8.569336,21,8.1
EDDF,V326,50.028717,8.568965,21,15.6
EDDF,V328,50.0294365,8.568705000000001,14,21.8
EDDF,V715,50.022032,8.533352,6,1.0
EGLL,237,51.470181,-0.443851,19,4.7
EGLL,237L,51.4703945,-0.444194,18,20.0
EGLL,237R,51.470032,-0.443649,12,2.4
LEBL,421,41.288269,2.079475,13,3.3
LEMD,149,40.454853,-3.570572,3,6.2
LEMD,180,40.458922,-3.562005,3,3.7
LEMD,182,40.458911,-3.562504,3,1.3
LEMD,184,40.458881,-3.562988,8,3.3
LEMD,188,40.458887,-3.5640915,4,1.2
LEMD,20,40.479103,-3.575333,5,2.8
LEMD,212,40.4604035,-3.5564765,4,2.2
LEMD,218,40.4604,-3.559647,3,2.5
LEMD,259,40.46188,-3.560382,52,5.3
LEMD,263,40.461867,-3.561661,45,1.3
LEMD,55,40.4597225,-3.571467,4,2.0
LEMD,65,40.458332,-3.573273,5,2.9
LEMD,T20,40.470246,-3.5674165,34,26.1
LSZH,106,47.454357,8.572718,3,2.9
LSZH,107,47.454315,8.572945,18,1.4
LSZH,108,47.4543,8.573209,13,2.1
LSZH,109,47.454281,8.573491,11,2.6
LSZH,110,47.4542515,8.573682999999999,4,9.1
LSZH,111,47.4542485,8.57379,12,3.9
LSZH,701,47.450918,8.549243,6,3.3
LSZH,702,47.450661,8.549036,3,0.6
LSZH,703,47.4503665,8.5490235,4,1.5
LSZH,907,47.449265,8.550356,3,0.0
LSZH,F70,47.455044,8.567825,124,3.6
LSZH,F71,47.45513,8.566727,180,3.9
LSZH,GA6,47.457664,8.57394,254,23.0
LSZH,HAN,47.453873,8.573667,31,7.6
LSZH,I1,47.4558655,8.557457,200,2.8
LSZH,I2,47.455898,8.556871,218,2.9
LSZH,I3,47.455959,8.555964,179,3.0
LSZH,I4,47.456003,8.555374,164,2.5
LSZH,I5,47.45605,8.554779,169,2.7
LSZH,MFG,47.4545385,8.5737735,58,15.2
LSZH,REG,47.457939,8.572769,138,4.6
LSZH,W54,47.451805,8.547621,3,0.6
